paper_id,reviewer,accept,notes
2016_G_A028.pdf-6e4c52f4-be1a-43fe-9a4f-f2f6fb479a0c,,,
2016_G_B022.pdf-45c1977b-4052-4367-8a33-85a423730b3d,,,
2016_G_B294.pdf-efa735c1-180d-4ef2-b2e3-71ef259ee165,,,
2017_G_B104.pdf-435f7107-40d7-45f1-8d90-183339b8efc2,,,
2017_G_B154.pdf-6b295a37-7f1d-4087-aa6b-498ebc227dfe,,,
2017_G_D035.pdf-dd7e65e6-ee52-4f20-a6d6-e97d20729925,,,
2018_G_A229.pdf-b6d5ce70-0a39-4325-8406-1c887d9ce90c,,,
2018_G_A466.pdf-f42c5f5a-ee2d-4f66-84b0-d3e32153a4e5,,,
2018_G_C008.pdf-3e10abb3-a9d0-4ecb-898d-01d2020ed451,,,
2018_G_D029.pdf-10d238b4-ee16-4891-9522-f7e895f2f545,,,
