paper_id,method_name,r_precision,ip@3,ir@3,jaccard@3,map,mrr,ir@4,ir@5,ir@6,ir@7
2016_G_A028.pdf-6e4c52f4-be1a-43fe-9a4f-f2f6fb479a0c,Proposed,0.0,0.0,0.0,0.0,0.128788,0.090909,0.0,0.0,0.0,0.0
2016_G_A194.pdf-b86a85b1-ff13-48a6-90bc-0afc1ed6de24,Proposed,0.5,0.333333,0.5,0.25,0.6,1.0,0.5,0.5,0.5,0.5
2016_G_A433.pdf-ace5f580-0291-4b74-8e8a-3e24514c4563,Proposed,0.333333,0.333333,0.333333,0.2,0.373016,0.5,0.333333,0.333333,0.333333,0.666667
2016_G_B022.pdf-45c1977b-4052-4367-8a33-85a423730b3d,Proposed,1.0,1.0,1.0,1.0,1.0,1.0,1.0,1.0,1.0,1.0
2016_G_B044.pdf-bb7acb2d-63cf-48d6-acf7-16e9e75ec953,Proposed,0.5,0.333333,0.5,0.25,0.666667,1.0,0.5,0.5,1.0,1.0
2016_G_B067.pdf-f6c8e02c-ac22-49cb-a2f4-6f0cb4726072,Proposed,0.666667,0.666667,0.666667,0.5,0.916667,1.0,1.0,1.0,1.0,1.0
2016_G_B294.pdf-efa735c1-180d-4ef2-b2e3-71ef259ee165,Proposed,0.333333,0.333333,0.333333,0.2,0.395833,0.5,0.666667,0.666667,0.666667,0.666667
2017_G_A156.pdf-526d4bc0-c508-47e0-9181-6bcff011181f,Proposed,0.333333,0.333333,0.333333,0.2,0.433333,1.0,0.333333,0.333333,0.333333,0.333333
2017_G_B104.pdf-435f7107-40d7-45f1-8d90-183339b8efc2,Proposed,0.333333,0.333333,0.333333,0.2,0.528571,1.0,0.333333,0.333333,0.333333,0.666667
2017_G_B154.pdf-6b295a37-7f1d-4087-aa6b-498ebc227dfe,Proposed,0.666667,0.666667,0.666667,0.5,0.708333,1.0,0.666667,0.666667,0.666667,0.666667
2017_G_B248.pdf-ceeb3cc2-f05c-4906-833a-5eb02870f643,Proposed,0.333333,0.333333,0.333333,0.2,0.666667,1.0,0.666667,0.666667,1.0,1.0
2017_G_B315.pdf-11a42682-c012-4452-b69e-37bc3de34fc6,Proposed,0.333333,0.333333,0.333333,0.2,0.7,1.0,0.666667,1.0,1.0,1.0
2017_G_B447.pdf-bba1d9f9-3235-4893-aeb8-689cd6ed9376,Proposed,0.25,0.333333,0.25,0.166667,0.207376,0.5,0.25,0.25,0.25,0.25
2017_G_D002.pdf-34552dc9-fe7d-49e0-90b4-279a27481fa2,Proposed,0.0,0.333333,0.5,0.25,0.416667,0.333333,1.0,1.0,1.0,1.0
2017_G_D035.pdf-dd7e65e6-ee52-4f20-a6d6-e97d20729925,Proposed,1.0,0.333333,1.0,0.333333,1.0,1.0,1.0,1.0,1.0,1.0
2018_G_A229.pdf-b6d5ce70-0a39-4325-8406-1c887d9ce90c,Proposed,0.0,0.333333,1.0,0.333333,0.333333,0.333333,1.0,1.0,1.0,1.0
2018_G_A440.pdf-065775f5-ff13-48f5-b12d-623da439971f,Proposed,0.0,0.333333,1.0,0.333333,0.333333,0.333333,1.0,1.0,1.0,1.0
2018_G_A466.pdf-f42c5f5a-ee2d-4f66-84b0-d3e32153a4e5,Proposed,1.0,0.666667,1.0,0.666667,1.0,1.0,1.0,1.0,1.0,1.0
2018_G_B203.pdf-cd92e332-dd42-40fe-9530-03ab83e77d3a,Proposed,1.0,1.0,0.6,0.6,1.0,1.0,0.8,1.0,1.0,1.0
2018_G_B334.pdf-9618d410-024a-4368-8c34-abb687df4146,Proposed,0.5,0.333333,0.5,0.25,0.7,1.0,0.5,1.0,1.0,1.0
2018_G_C008.pdf-3e10abb3-a9d0-4ecb-898d-01d2020ed451,Proposed,0.333333,0.333333,0.333333,0.2,0.633333,1.0,0.333333,0.666667,1.0,1.0
2018_G_D029.pdf-10d238b4-ee16-4891-9522-f7e895f2f545,Proposed,0.5,0.666667,1.0,0.666667,0.583333,0.5,1.0,1.0,1.0,1.0
2023_G_A092.pdf-5db87c85-f001-44bb-9cd1-933c32b9efdf,Proposed,0.5,0.333333,0.25,0.166667,0.625,1.0,0.5,0.75,0.75,0.75
2023_G_A127.pdf-c7af97bb-63f5-4e7a-ae28-7f7b3d4f016c,Proposed,0.428571,0.666667,0.285714,0.25,0.541331,0.5,0.428571,0.428571,0.428571,0.428571
2023_G_A175.pdf-8d4a4c05-3206-497f-bcd2-34719146185f,Proposed,0.4,0.666667,0.4,0.333333,0.622222,1.0,0.4,0.4,0.6,0.6
2023_G_B226.pdf-138a457c-a3d1-4dec-a2b6-3b5dc1265cc7,Proposed,0.5,0.666667,0.25,0.222222,0.626145,1.0,0.375,0.375,0.375,0.375
2023_G_B311.pdf-4c40818a-19f0-4e8f-bea2-d2c28c9a7a93,Proposed,0.333333,0.333333,0.333333,0.2,0.490909,1.0,0.333333,0.333333,0.333333,0.333333
2023_G_C050.pdf-2049a35a-b3ce-49bb-a0db-827272b74086,Proposed,0.333333,0.333333,0.333333,0.2,0.347222,0.333333,0.333333,0.333333,0.666667,0.666667
2023_G_C228.pdf-b2387ac6-a2c5-4f0e-a228-e82e75c63418,Proposed,0.0,0.0,0.0,0.0,0.04,0.04,0.0,0.0,0.0,0.0
2023_G_E032.pdf-a2ac9d24-a978-4750-bdfc-d48988ea3d38,Proposed,0.0,0.0,0.0,0.0,0.101633,0.041667,0.0,0.0,0.0,0.0
2023_G_E176.pdf-6a7252f2-fcac-48bd-9de1-2adf091599c5,Proposed,0.0,0.0,0.0,0.0,0.100389,0.090909,0.0,0.0,0.0,0.0
2016_G_A028.pdf-6e4c52f4-be1a-43fe-9a4f-f2f6fb479a0c,Proposed-v2,0.0,0.0,0.0,0.0,0.208333,0.25,0.5,0.5,0.5,0.5
2016_G_A194.pdf-b86a85b1-ff13-48a6-90bc-0afc1ed6de24,Proposed-v2,0.5,0.333333,0.5,0.25,0.590909,1.0,0.5,0.5,0.5,0.5
2016_G_A433.pdf-ace5f580-0291-4b74-8e8a-3e24514c4563,Proposed-v2,0.333333,0.333333,0.333333,0.2,0.361905,0.5,0.333333,0.333333,0.333333,0.666667
2016_G_B022.pdf-45c1977b-4052-4367-8a33-85a423730b3d,Proposed-v2,0.666667,0.666667,0.666667,0.5,0.791667,1.0,0.666667,0.666667,0.666667,0.666667
2016_G_B044.pdf-bb7acb2d-63cf-48d6-acf7-16e9e75ec953,Proposed-v2,0.5,0.666667,1.0,0.666667,0.833333,1.0,1.0,1.0,1.0,1.0
2016_G_B067.pdf-f6c8e02c-ac22-49cb-a2f4-6f0cb4726072,Proposed-v2,0.666667,0.666667,0.666667,0.5,0.833333,1.0,0.666667,0.666667,1.0,1.0
2016_G_B294.pdf-efa735c1-180d-4ef2-b2e3-71ef259ee165,Proposed-v2,0.666667,0.666667,0.666667,0.5,0.722222,1.0,0.666667,0.666667,1.0,1.0
2017_G_A156.pdf-526d4bc0-c508-47e0-9181-6bcff011181f,Proposed-v2,0.333333,0.333333,0.333333,0.2,0.527778,1.0,0.333333,0.333333,0.333333,0.333333
2017_G_B104.pdf-435f7107-40d7-45f1-8d90-183339b8efc2,Proposed-v2,0.333333,0.333333,0.333333,0.2,0.591667,1.0,0.333333,0.666667,0.666667,0.666667
2017_G_B154.pdf-6b295a37-7f1d-4087-aa6b-498ebc227dfe,Proposed-v2,0.333333,0.333333,0.333333,0.2,0.47549,1.0,0.333333,0.333333,0.333333,0.333333
2017_G_B248.pdf-ceeb3cc2-f05c-4906-833a-5eb02870f643,Proposed-v2,0.333333,0.333333,0.333333,0.2,0.587302,1.0,0.333333,0.333333,0.666667,1.0
2017_G_B315.pdf-11a42682-c012-4452-b69e-37bc3de34fc6,Proposed-v2,0.333333,0.333333,0.333333,0.2,0.444444,0.5,0.666667,0.666667,0.666667,0.666667
2017_G_B447.pdf-bba1d9f9-3235-4893-aeb8-689cd6ed9376,Proposed-v2,0.5,0.666667,0.5,0.4,0.512121,1.0,0.5,0.5,0.5,0.5
2017_G_D002.pdf-34552dc9-fe7d-49e0-90b4-279a27481fa2,Proposed-v2,0.0,0.0,0.0,0.0,0.291667,0.25,0.5,0.5,1.0,1.0
2017_G_D035.pdf-dd7e65e6-ee52-4f20-a6d6-e97d20729925,Proposed-v2,1.0,0.333333,1.0,0.333333,1.0,1.0,1.0,1.0,1.0,1.0
2018_G_A229.pdf-b6d5ce70-0a39-4325-8406-1c887d9ce90c,Proposed-v2,0.0,0.0,0.0,0.0,0.25,0.25,1.0,1.0,1.0,1.0
2018_G_A440.pdf-065775f5-ff13-48f5-b12d-623da439971f,Proposed-v2,0.0,0.333333,1.0,0.333333,0.5,0.5,1.0,1.0,1.0,1.0
2018_G_A466.pdf-f42c5f5a-ee2d-4f66-84b0-d3e32153a4e5,Proposed-v2,1.0,0.666667,1.0,0.666667,1.0,1.0,1.0,1.0,1.0,1.0
2018_G_B203.pdf-cd92e332-dd42-40fe-9530-03ab83e77d3a,Proposed-v2,1.0,1.0,0.6,0.6,1.0,1.0,0.8,1.0,1.0,1.0
2018_G_B334.pdf-9618d410-024a-4368-8c34-abb687df4146,Proposed-v2,0.5,0.666667,1.0,0.666667,0.833333,1.0,1.0,1.0,1.0,1.0
2018_G_C008.pdf-3e10abb3-a9d0-4ecb-898d-01d2020ed451,Proposed-v2,0.333333,0.333333,0.333333,0.2,0.633333,1.0,0.333333,0.666667,1.0,1.0
2018_G_D029.pdf-10d238b4-ee16-4891-9522-f7e895f2f545,Proposed-v2,0.5,0.666667,1.0,0.666667,0.583333,0.5,1.0,1.0,1.0,1.0
2023_G_A092.pdf-5db87c85-f001-44bb-9cd1-933c32b9efdf,Proposed-v2,0.5,0.333333,0.25,0.166667,0.636111,1.0,0.5,0.75,0.75,0.75
2023_G_A127.pdf-c7af97bb-63f5-4e7a-ae28-7f7b3d4f016c,Proposed-v2,0.428571,0.666667,0.285714,0.25,0.511822,0.5,0.285714,0.428571,0.428571,0.428571
2023_G_A175.pdf-8d4a4c05-3206-497f-bcd2-34719146185f,Proposed-v2,0.4,0.666667,0.4,0.333333,0.619048,1.0,0.4,0.4,0.4,0.6
2023_G_B226.pdf-138a457c-a3d1-4dec-a2b6-3b5dc1265cc7,Proposed-v2,0.5,0.666667,0.25,0.222222,0.692162,1.0,0.375,0.5,0.5,0.5
2023_G_B311.pdf-4c40818a-19f0-4e8f-bea2-d2c28c9a7a93,Proposed-v2,0.333333,0.333333,0.333333,0.2,0.557576,1.0,0.333333,0.666667,0.666667,0.666667
2023_G_C050.pdf-2049a35a-b3ce-49bb-a0db-827272b74086,Proposed-v2,0.333333,0.333333,0.333333,0.2,0.425,0.5,0.333333,0.666667,0.666667,0.666667
2023_G_C228.pdf-b2387ac6-a2c5-4f0e-a228-e82e75c63418,Proposed-v2,0.0,0.0,0.0,0.0,0.052632,0.052632,0.0,0.0,0.0,0.0
2023_G_E032.pdf-a2ac9d24-a978-4750-bdfc-d48988ea3d38,Proposed-v2,0.2,0.333333,0.2,0.142857,0.200707,0.5,0.2,0.2,0.2,0.2
2023_G_E176.pdf-6a7252f2-fcac-48bd-9de1-2adf091599c5,Proposed-v2,0.333333,0.333333,0.333333,0.2,0.238138,0.5,0.333333,0.333333,0.333333,0.333333
2016_G_A028.pdf-6e4c52f4-be1a-43fe-9a4f-f2f6fb479a0c,Qwen3-VL-Rerank-ImgCap+Link,0.5,0.333333,0.5,0.25,0.416667,0.5,0.5,0.5,1.0,1.0
2016_G_A194.pdf-b86a85b1-ff13-48a6-90bc-0afc1ed6de24,Qwen3-VL-Rerank-ImgCap+Link,0.5,0.333333,0.5,0.25,0.571429,1.0,0.5,0.5,0.5,0.5
2016_G_A433.pdf-ace5f580-0291-4b74-8e8a-3e24514c4563,Qwen3-VL-Rerank-ImgCap+Link,0.333333,0.333333,0.333333,0.2,0.6,1.0,0.666667,0.666667,0.666667,0.666667
2016_G_B022.pdf-45c1977b-4052-4367-8a33-85a423730b3d,Qwen3-VL-Rerank-ImgCap+Link,0.666667,0.666667,0.666667,0.5,0.72549,1.0,0.666667,0.666667,0.666667,0.666667
2016_G_B044.pdf-bb7acb2d-63cf-48d6-acf7-16e9e75ec953,Qwen3-VL-Rerank-ImgCap+Link,0.0,0.333333,0.5,0.25,0.366667,0.333333,0.5,1.0,1.0,1.0
2016_G_B067.pdf-f6c8e02c-ac22-49cb-a2f4-6f0cb4726072,Qwen3-VL-Rerank-ImgCap+Link,0.0,0.0,0.0,0.0,0.127525,0.090909,0.0,0.0,0.0,0.0
2016_G_B294.pdf-efa735c1-180d-4ef2-b2e3-71ef259ee165,Qwen3-VL-Rerank-ImgCap+Link,1.0,1.0,1.0,1.0,1.0,1.0,1.0,1.0,1.0,1.0
2017_G_A156.pdf-526d4bc0-c508-47e0-9181-6bcff011181f,Qwen3-VL-Rerank-ImgCap+Link,0.333333,0.333333,0.333333,0.2,0.205882,0.333333,0.333333,0.333333,0.333333,0.333333
2017_G_B104.pdf-435f7107-40d7-45f1-8d90-183339b8efc2,Qwen3-VL-Rerank-ImgCap+Link,0.333333,0.333333,0.333333,0.2,0.386905,0.5,0.333333,0.333333,0.333333,0.666667
2017_G_B154.pdf-6b295a37-7f1d-4087-aa6b-498ebc227dfe,Qwen3-VL-Rerank-ImgCap+Link,0.0,0.0,0.0,0.0,0.148901,0.142857,0.0,0.0,0.0,0.333333
2017_G_B248.pdf-ceeb3cc2-f05c-4906-833a-5eb02870f643,Qwen3-VL-Rerank-ImgCap+Link,0.333333,0.333333,0.333333,0.2,0.402778,0.333333,0.666667,0.666667,0.666667,0.666667
2017_G_B315.pdf-11a42682-c012-4452-b69e-37bc3de34fc6,Qwen3-VL-Rerank-ImgCap+Link,0.333333,0.333333,0.333333,0.2,0.361905,0.5,0.333333,0.333333,0.333333,0.666667
2017_G_B447.pdf-bba1d9f9-3235-4893-aeb8-689cd6ed9376,Qwen3-VL-Rerank-ImgCap+Link,0.5,0.333333,0.25,0.166667,0.3125,0.5,0.5,0.5,0.5,0.5
2017_G_D002.pdf-34552dc9-fe7d-49e0-90b4-279a27481fa2,Qwen3-VL-Rerank-ImgCap+Link,0.5,0.666667,1.0,0.666667,0.833333,1.0,1.0,1.0,1.0,1.0
2017_G_D035.pdf-dd7e65e6-ee52-4f20-a6d6-e97d20729925,Qwen3-VL-Rerank-ImgCap+Link,1.0,0.333333,1.0,0.333333,1.0,1.0,1.0,1.0,1.0,1.0
2018_G_A229.pdf-b6d5ce70-0a39-4325-8406-1c887d9ce90c,Qwen3-VL-Rerank-ImgCap+Link,0.0,0.0,0.0,0.0,0.25,0.25,1.0,1.0,1.0,1.0
2018_G_A440.pdf-065775f5-ff13-48f5-b12d-623da439971f,Qwen3-VL-Rerank-ImgCap+Link,1.0,0.333333,1.0,0.333333,1.0,1.0,1.0,1.0,1.0,1.0
2018_G_A466.pdf-f42c5f5a-ee2d-4f66-84b0-d3e32153a4e5,Qwen3-VL-Rerank-ImgCap+Link,1.0,0.666667,1.0,0.666667,1.0,1.0,1.0,1.0,1.0,1.0
2018_G_B203.pdf-cd92e332-dd42-40fe-9530-03ab83e77d3a,Qwen3-VL-Rerank-ImgCap+Link,1.0,1.0,0.6,0.6,1.0,1.0,0.8,1.0,1.0,1.0
2018_G_B334.pdf-9618d410-024a-4368-8c34-abb687df4146,Qwen3-VL-Rerank-ImgCap+Link,0.0,0.333333,0.5,0.25,0.416667,0.333333,1.0,1.0,1.0,1.0
2018_G_C008.pdf-3e10abb3-a9d0-4ecb-898d-01d2020ed451,Qwen3-VL-Rerank-ImgCap+Link,0.666667,0.666667,0.666667,0.5,0.833333,1.0,0.666667,0.666667,1.0,1.0
2018_G_D029.pdf-10d238b4-ee16-4891-9522-f7e895f2f545,Qwen3-VL-Rerank-ImgCap+Link,0.5,0.333333,0.5,0.25,0.75,1.0,1.0,1.0,1.0,1.0
2023_G_A092.pdf-5db87c85-f001-44bb-9cd1-933c32b9efdf,Qwen3-VL-Rerank-ImgCap+Link,0.75,0.666667,0.5,0.4,0.7375,1.0,0.75,0.75,0.75,0.75
2023_G_A127.pdf-c7af97bb-63f5-4e7a-ae28-7f7b3d4f016c,Qwen3-VL-Rerank-ImgCap+Link,0.714286,0.666667,0.285714,0.25,0.651391,0.5,0.428571,0.571429,0.571429,0.714286
2023_G_A175.pdf-8d4a4c05-3206-497f-bcd2-34719146185f,Qwen3-VL-Rerank-ImgCap+Link,0.4,0.333333,0.2,0.142857,0.605195,1.0,0.4,0.4,0.6,0.8
2023_G_B226.pdf-138a457c-a3d1-4dec-a2b6-3b5dc1265cc7,Qwen3-VL-Rerank-ImgCap+Link,0.625,0.666667,0.25,0.222222,0.653032,1.0,0.375,0.5,0.5,0.5
2023_G_B311.pdf-4c40818a-19f0-4e8f-bea2-d2c28c9a7a93,Qwen3-VL-Rerank-ImgCap+Link,0.666667,0.666667,0.666667,0.5,0.757576,1.0,0.666667,0.666667,0.666667,0.666667
2023_G_C050.pdf-2049a35a-b3ce-49bb-a0db-827272b74086,Qwen3-VL-Rerank-ImgCap+Link,0.333333,0.333333,0.333333,0.2,0.284722,0.333333,0.333333,0.333333,0.666667,0.666667
2023_G_C228.pdf-b2387ac6-a2c5-4f0e-a228-e82e75c63418,Qwen3-VL-Rerank-ImgCap+Link,1.0,0.333333,1.0,0.333333,1.0,1.0,1.0,1.0,1.0,1.0
2023_G_E032.pdf-a2ac9d24-a978-4750-bdfc-d48988ea3d38,Qwen3-VL-Rerank-ImgCap+Link,0.4,0.666667,0.4,0.333333,0.44,1.0,0.4,0.4,0.4,0.4
2023_G_E176.pdf-6a7252f2-fcac-48bd-9de1-2adf091599c5,Qwen3-VL-Rerank-ImgCap+Link,0.333333,0.333333,0.333333,0.2,0.32381,0.5,0.333333,0.666667,0.666667,0.666667
2016_G_A028.pdf-6e4c52f4-be1a-43fe-9a4f-f2f6fb479a0c,Qwen3-VL-Rerank-ImgCap,0.5,0.333333,0.5,0.25,0.555556,1.0,0.5,0.5,0.5,0.5
2016_G_A194.pdf-b86a85b1-ff13-48a6-90bc-0afc1ed6de24,Qwen3-VL-Rerank-ImgCap,0.0,0.0,0.0,0.0,0.129167,0.125,0.0,0.0,0.0,0.0
2016_G_A433.pdf-ace5f580-0291-4b74-8e8a-3e24514c4563,Qwen3-VL-Rerank-ImgCap,0.0,0.0,0.0,0.0,0.240909,0.2,0.0,0.333333,0.333333,0.333333
2016_G_B022.pdf-45c1977b-4052-4367-8a33-85a423730b3d,Qwen3-VL-Rerank-ImgCap,0.333333,0.333333,0.333333,0.2,0.458824,1.0,0.333333,0.333333,0.333333,0.333333
2016_G_B044.pdf-bb7acb2d-63cf-48d6-acf7-16e9e75ec953,Qwen3-VL-Rerank-ImgCap,0.0,0.333333,0.5,0.25,0.309524,0.333333,0.5,0.5,0.5,1.0
2016_G_B067.pdf-f6c8e02c-ac22-49cb-a2f4-6f0cb4726072,Qwen3-VL-Rerank-ImgCap,0.0,0.0,0.0,0.0,0.131046,0.083333,0.0,0.0,0.0,0.0
2016_G_B294.pdf-efa735c1-180d-4ef2-b2e3-71ef259ee165,Qwen3-VL-Rerank-ImgCap,0.333333,0.333333,0.333333,0.2,0.528571,1.0,0.333333,0.333333,0.333333,0.666667
2017_G_A156.pdf-526d4bc0-c508-47e0-9181-6bcff011181f,Qwen3-VL-Rerank-ImgCap,0.0,0.0,0.0,0.0,0.128909,0.076923,0.0,0.0,0.0,0.0
2017_G_B104.pdf-435f7107-40d7-45f1-8d90-183339b8efc2,Qwen3-VL-Rerank-ImgCap,0.333333,0.333333,0.333333,0.2,0.47619,0.5,0.666667,0.666667,0.666667,1.0
2017_G_B154.pdf-6b295a37-7f1d-4087-aa6b-498ebc227dfe,Qwen3-VL-Rerank-ImgCap,0.0,0.0,0.0,0.0,0.174325,0.142857,0.0,0.0,0.0,0.333333
2017_G_B248.pdf-ceeb3cc2-f05c-4906-833a-5eb02870f643,Qwen3-VL-Rerank-ImgCap,0.666667,0.666667,0.666667,0.5,0.555556,0.5,0.666667,0.666667,1.0,1.0
2017_G_B315.pdf-11a42682-c012-4452-b69e-37bc3de34fc6,Qwen3-VL-Rerank-ImgCap,0.333333,0.333333,0.333333,0.2,0.516667,1.0,0.333333,0.333333,0.333333,0.333333
2017_G_B447.pdf-bba1d9f9-3235-4893-aeb8-689cd6ed9376,Qwen3-VL-Rerank-ImgCap,0.25,0.333333,0.25,0.166667,0.249066,0.333333,0.25,0.5,0.5,0.5
2017_G_D002.pdf-34552dc9-fe7d-49e0-90b4-279a27481fa2,Qwen3-VL-Rerank-ImgCap,0.5,0.333333,0.5,0.25,0.75,1.0,1.0,1.0,1.0,1.0
2017_G_D035.pdf-dd7e65e6-ee52-4f20-a6d6-e97d20729925,Qwen3-VL-Rerank-ImgCap,0.0,0.333333,1.0,0.333333,0.5,0.5,1.0,1.0,1.0,1.0
2018_G_A229.pdf-b6d5ce70-0a39-4325-8406-1c887d9ce90c,Qwen3-VL-Rerank-ImgCap,0.0,0.0,0.0,0.0,0.142857,0.142857,0.0,0.0,0.0,1.0
2018_G_A440.pdf-065775f5-ff13-48f5-b12d-623da439971f,Qwen3-VL-Rerank-ImgCap,1.0,0.333333,1.0,0.333333,1.0,1.0,1.0,1.0,1.0,1.0
2018_G_A466.pdf-f42c5f5a-ee2d-4f66-84b0-d3e32153a4e5,Qwen3-VL-Rerank-ImgCap,1.0,0.666667,1.0,0.666667,1.0,1.0,1.0,1.0,1.0,1.0
2018_G_B203.pdf-cd92e332-dd42-40fe-9530-03ab83e77d3a,Qwen3-VL-Rerank-ImgCap,1.0,1.0,0.6,0.6,1.0,1.0,0.8,1.0,1.0,1.0
2018_G_B334.pdf-9618d410-024a-4368-8c34-abb687df4146,Qwen3-VL-Rerank-ImgCap,0.0,0.333333,0.5,0.25,0.416667,0.333333,1.0,1.0,1.0,1.0
2018_G_C008.pdf-3e10abb3-a9d0-4ecb-898d-01d2020ed451,Qwen3-VL-Rerank-ImgCap,0.666667,0.666667,0.666667,0.5,0.833333,1.0,0.666667,0.666667,1.0,1.0
2018_G_D029.pdf-10d238b4-ee16-4891-9522-f7e895f2f545,Qwen3-VL-Rerank-ImgCap,0.5,0.333333,0.5,0.25,0.75,1.0,1.0,1.0,1.0,1.0
2023_G_A092.pdf-5db87c85-f001-44bb-9cd1-933c32b9efdf,Qwen3-VL-Rerank-ImgCap,0.25,0.0,0.0,0.0,0.228526,0.25,0.25,0.25,0.25,0.25
2023_G_A127.pdf-c7af97bb-63f5-4e7a-ae28-7f7b3d4f016c,Qwen3-VL-Rerank-ImgCap,0.428571,1.0,0.428571,0.428571,0.678488,1.0,0.428571,0.428571,0.428571,0.428571
2023_G_A175.pdf-8d4a4c05-3206-497f-bcd2-34719146185f,Qwen3-VL-Rerank-ImgCap,0.6,0.666667,0.4,0.333333,0.683333,1.0,0.6,0.6,0.6,0.6
2023_G_B226.pdf-138a457c-a3d1-4dec-a2b6-3b5dc1265cc7,Qwen3-VL-Rerank-ImgCap,0.5,1.0,0.375,0.375,0.706186,1.0,0.5,0.5,0.5,0.5
2023_G_B311.pdf-4c40818a-19f0-4e8f-bea2-d2c28c9a7a93,Qwen3-VL-Rerank-ImgCap,0.333333,0.333333,0.333333,0.2,0.390909,0.5,0.333333,0.666667,0.666667,0.666667
2023_G_C050.pdf-2049a35a-b3ce-49bb-a0db-827272b74086,Qwen3-VL-Rerank-ImgCap,0.333333,0.333333,0.333333,0.2,0.354701,0.333333,0.666667,0.666667,0.666667,0.666667
2023_G_C228.pdf-b2387ac6-a2c5-4f0e-a228-e82e75c63418,Qwen3-VL-Rerank-ImgCap,1.0,0.333333,1.0,0.333333,1.0,1.0,1.0,1.0,1.0,1.0
2023_G_E032.pdf-a2ac9d24-a978-4750-bdfc-d48988ea3d38,Qwen3-VL-Rerank-ImgCap,0.4,0.333333,0.2,0.142857,0.391339,1.0,0.4,0.4,0.4,0.4
2023_G_E176.pdf-6a7252f2-fcac-48bd-9de1-2adf091599c5,Qwen3-VL-Rerank-ImgCap,0.333333,0.333333,0.333333,0.2,0.222222,0.5,0.333333,0.333333,0.333333,0.333333
2016_G_A028.pdf-6e4c52f4-be1a-43fe-9a4f-f2f6fb479a0c,Qwen3-VL-Rerank-Img,0.5,0.333333,0.5,0.25,0.326923,0.5,0.5,0.5,0.5,0.5
2016_G_A194.pdf-b86a85b1-ff13-48a6-90bc-0afc1ed6de24,Qwen3-VL-Rerank-Img,0.5,0.333333,0.5,0.25,0.566667,1.0,0.5,0.5,0.5,0.5
2016_G_A433.pdf-ace5f580-0291-4b74-8e8a-3e24514c4563,Qwen3-VL-Rerank-Img,0.666667,0.666667,0.666667,0.5,0.766667,1.0,0.666667,0.666667,0.666667,0.666667
2016_G_B022.pdf-45c1977b-4052-4367-8a33-85a423730b3d,Qwen3-VL-Rerank-Img,0.333333,0.333333,0.333333,0.2,0.591667,1.0,0.333333,0.666667,0.666667,0.666667
2016_G_B044.pdf-bb7acb2d-63cf-48d6-acf7-16e9e75ec953,Qwen3-VL-Rerank-Img,0.0,0.0,0.0,0.0,0.267857,0.25,0.5,0.5,0.5,1.0
2016_G_B067.pdf-f6c8e02c-ac22-49cb-a2f4-6f0cb4726072,Qwen3-VL-Rerank-Img,0.0,0.0,0.0,0.0,0.117446,0.083333,0.0,0.0,0.0,0.0
2016_G_B294.pdf-efa735c1-180d-4ef2-b2e3-71ef259ee165,Qwen3-VL-Rerank-Img,0.666667,0.666667,0.666667,0.5,0.638889,0.5,1.0,1.0,1.0,1.0
2017_G_A156.pdf-526d4bc0-c508-47e0-9181-6bcff011181f,Qwen3-VL-Rerank-Img,0.0,0.0,0.0,0.0,0.127778,0.083333,0.0,0.0,0.0,0.0
2017_G_B104.pdf-435f7107-40d7-45f1-8d90-183339b8efc2,Qwen3-VL-Rerank-Img,0.333333,0.333333,0.333333,0.2,0.377778,0.5,0.333333,0.333333,0.666667,0.666667
2017_G_B154.pdf-6b295a37-7f1d-4087-aa6b-498ebc227dfe,Qwen3-VL-Rerank-Img,0.0,0.0,0.0,0.0,0.13474,0.142857,0.0,0.0,0.0,0.333333
2017_G_B248.pdf-ceeb3cc2-f05c-4906-833a-5eb02870f643,Qwen3-VL-Rerank-Img,0.333333,0.333333,0.333333,0.2,0.425,0.5,0.333333,0.666667,0.666667,0.666667
2017_G_B315.pdf-11a42682-c012-4452-b69e-37bc3de34fc6,Qwen3-VL-Rerank-Img,0.333333,0.333333,0.333333,0.2,0.466667,0.5,0.333333,0.666667,1.0,1.0
2017_G_B447.pdf-bba1d9f9-3235-4893-aeb8-689cd6ed9376,Qwen3-VL-Rerank-Img,0.5,0.666667,0.5,0.4,0.38114,0.5,0.5,0.5,0.5,0.5
2017_G_D002.pdf-34552dc9-fe7d-49e0-90b4-279a27481fa2,Qwen3-VL-Rerank-Img,0.0,0.333333,0.5,0.25,0.416667,0.333333,1.0,1.0,1.0,1.0
2017_G_D035.pdf-dd7e65e6-ee52-4f20-a6d6-e97d20729925,Qwen3-VL-Rerank-Img,1.0,0.333333,1.0,0.333333,1.0,1.0,1.0,1.0,1.0,1.0
2018_G_A229.pdf-b6d5ce70-0a39-4325-8406-1c887d9ce90c,Qwen3-VL-Rerank-Img,0.0,0.333333,1.0,0.333333,0.333333,0.333333,1.0,1.0,1.0,1.0
2018_G_A440.pdf-065775f5-ff13-48f5-b12d-623da439971f,Qwen3-VL-Rerank-Img,0.0,0.333333,1.0,0.333333,0.5,0.5,1.0,1.0,1.0,1.0
2018_G_A466.pdf-f42c5f5a-ee2d-4f66-84b0-d3e32153a4e5,Qwen3-VL-Rerank-Img,0.5,0.666667,1.0,0.666667,0.583333,0.5,1.0,1.0,1.0,1.0
2018_G_B203.pdf-cd92e332-dd42-40fe-9530-03ab83e77d3a,Qwen3-VL-Rerank-Img,1.0,1.0,0.6,0.6,1.0,1.0,0.8,1.0,1.0,1.0
2018_G_B334.pdf-9618d410-024a-4368-8c34-abb687df4146,Qwen3-VL-Rerank-Img,0.0,0.333333,0.5,0.25,0.416667,0.333333,1.0,1.0,1.0,1.0
2018_G_C008.pdf-3e10abb3-a9d0-4ecb-898d-01d2020ed451,Qwen3-VL-Rerank-Img,1.0,1.0,1.0,1.0,1.0,1.0,1.0,1.0,1.0,1.0
2018_G_D029.pdf-10d238b4-ee16-4891-9522-f7e895f2f545,Qwen3-VL-Rerank-Img,0.5,0.333333,0.5,0.25,0.7,1.0,0.5,1.0,1.0,1.0
2023_G_A092.pdf-5db87c85-f001-44bb-9cd1-933c32b9efdf,Qwen3-VL-Rerank-Img,0.75,1.0,0.75,0.75,0.840909,1.0,0.75,0.75,0.75,0.75
2023_G_A127.pdf-c7af97bb-63f5-4e7a-ae28-7f7b3d4f016c,Qwen3-VL-Rerank-Img,0.714286,0.333333,0.142857,0.111111,0.604422,0.5,0.285714,0.428571,0.571429,0.714286
2023_G_A175.pdf-8d4a4c05-3206-497f-bcd2-34719146185f,Qwen3-VL-Rerank-Img,0.6,0.333333,0.2,0.142857,0.659286,1.0,0.4,0.6,0.6,0.8
2023_G_B226.pdf-138a457c-a3d1-4dec-a2b6-3b5dc1265cc7,Qwen3-VL-Rerank-Img,0.625,0.333333,0.125,0.1,0.514685,0.333333,0.25,0.25,0.375,0.5
2023_G_B311.pdf-4c40818a-19f0-4e8f-bea2-d2c28c9a7a93,Qwen3-VL-Rerank-Img,0.666667,0.666667,0.666667,0.5,0.757576,1.0,0.666667,0.666667,0.666667,0.666667
2023_G_C050.pdf-2049a35a-b3ce-49bb-a0db-827272b74086,Qwen3-VL-Rerank-Img,0.333333,0.333333,0.333333,0.2,0.528571,1.0,0.333333,0.333333,0.333333,0.666667
2023_G_C228.pdf-b2387ac6-a2c5-4f0e-a228-e82e75c63418,Qwen3-VL-Rerank-Img,1.0,0.333333,1.0,0.333333,1.0,1.0,1.0,1.0,1.0,1.0
2023_G_E032.pdf-a2ac9d24-a978-4750-bdfc-d48988ea3d38,Qwen3-VL-Rerank-Img,0.4,0.666667,0.4,0.333333,0.466561,1.0,0.4,0.4,0.4,0.4
2023_G_E176.pdf-6a7252f2-fcac-48bd-9de1-2adf091599c5,Qwen3-VL-Rerank-Img,0.666667,0.666667,0.666667,0.5,0.706667,1.0,0.666667,0.666667,0.666667,0.666667
2016_G_A028.pdf-6e4c52f4-be1a-43fe-9a4f-f2f6fb479a0c,Layout-Order,0.5,0.333333,0.5,0.25,0.642857,1.0,0.5,0.5,0.5,1.0
2016_G_A194.pdf-b86a85b1-ff13-48a6-90bc-0afc1ed6de24,Layout-Order,0.5,0.333333,0.5,0.25,0.583333,1.0,0.5,0.5,0.5,0.5
2016_G_A433.pdf-ace5f580-0291-4b74-8e8a-3e24514c4563,Layout-Order,0.333333,0.333333,0.333333,0.2,0.476923,1.0,0.333333,0.333333,0.333333,0.333333
2016_G_B022.pdf-45c1977b-4052-4367-8a33-85a423730b3d,Layout-Order,0.666667,0.666667,0.666667,0.5,0.729167,1.0,0.666667,0.666667,0.666667,0.666667
2016_G_B044.pdf-bb7acb2d-63cf-48d6-acf7-16e9e75ec953,Layout-Order,0.5,0.333333,0.5,0.25,0.666667,1.0,0.5,0.5,1.0,1.0
2016_G_B067.pdf-f6c8e02c-ac22-49cb-a2f4-6f0cb4726072,Layout-Order,1.0,1.0,1.0,1.0,1.0,1.0,1.0,1.0,1.0,1.0
2016_G_B294.pdf-efa735c1-180d-4ef2-b2e3-71ef259ee165,Layout-Order,0.666667,0.666667,0.666667,0.5,0.618056,1.0,0.666667,0.666667,0.666667,0.666667
2017_G_A156.pdf-526d4bc0-c508-47e0-9181-6bcff011181f,Layout-Order,0.333333,0.333333,0.333333,0.2,0.460317,1.0,0.333333,0.333333,0.333333,0.333333
2017_G_B104.pdf-435f7107-40d7-45f1-8d90-183339b8efc2,Layout-Order,0.333333,0.333333,0.333333,0.2,0.555556,1.0,0.333333,0.333333,0.666667,0.666667
2017_G_B154.pdf-6b295a37-7f1d-4087-aa6b-498ebc227dfe,Layout-Order,0.333333,0.333333,0.333333,0.2,0.460317,1.0,0.333333,0.333333,0.333333,0.333333
2017_G_B248.pdf-ceeb3cc2-f05c-4906-833a-5eb02870f643,Layout-Order,0.333333,0.333333,0.333333,0.2,0.535354,1.0,0.333333,0.333333,0.666667,0.666667
2017_G_B315.pdf-11a42682-c012-4452-b69e-37bc3de34fc6,Layout-Order,0.333333,0.333333,0.333333,0.2,0.433333,0.5,0.666667,0.666667,0.666667,0.666667
2017_G_B447.pdf-bba1d9f9-3235-4893-aeb8-689cd6ed9376,Layout-Order,0.25,0.333333,0.25,0.166667,0.328036,1.0,0.25,0.25,0.25,0.25
2017_G_D002.pdf-34552dc9-fe7d-49e0-90b4-279a27481fa2,Layout-Order,0.0,0.0,0.0,0.0,0.208333,0.166667,0.0,0.0,0.5,0.5
2017_G_D035.pdf-dd7e65e6-ee52-4f20-a6d6-e97d20729925,Layout-Order,1.0,0.333333,1.0,0.333333,1.0,1.0,1.0,1.0,1.0,1.0
2018_G_A229.pdf-b6d5ce70-0a39-4325-8406-1c887d9ce90c,Layout-Order,0.0,0.0,0.0,0.0,0.2,0.2,0.0,1.0,1.0,1.0
2018_G_A440.pdf-065775f5-ff13-48f5-b12d-623da439971f,Layout-Order,1.0,0.333333,1.0,0.333333,1.0,1.0,1.0,1.0,1.0,1.0
2018_G_A466.pdf-f42c5f5a-ee2d-4f66-84b0-d3e32153a4e5,Layout-Order,0.5,0.333333,0.5,0.25,0.75,1.0,1.0,1.0,1.0,1.0
2018_G_B203.pdf-cd92e332-dd42-40fe-9530-03ab83e77d3a,Layout-Order,1.0,1.0,0.6,0.6,1.0,1.0,0.8,1.0,1.0,1.0
2018_G_B334.pdf-9618d410-024a-4368-8c34-abb687df4146,Layout-Order,1.0,0.666667,1.0,0.666667,1.0,1.0,1.0,1.0,1.0,1.0
2018_G_C008.pdf-3e10abb3-a9d0-4ecb-898d-01d2020ed451,Layout-Order,0.333333,0.333333,0.333333,0.2,0.633333,1.0,0.333333,0.666667,1.0,1.0
2018_G_D029.pdf-10d238b4-ee16-4891-9522-f7e895f2f545,Layout-Order,0.0,0.333333,0.5,0.25,0.416667,0.333333,1.0,1.0,1.0,1.0
2023_G_A092.pdf-5db87c85-f001-44bb-9cd1-933c32b9efdf,Layout-Order,0.25,0.333333,0.25,0.166667,0.385714,1.0,0.25,0.25,0.25,0.25
2023_G_A127.pdf-c7af97bb-63f5-4e7a-ae28-7f7b3d4f016c,Layout-Order,0.428571,0.333333,0.142857,0.111111,0.474093,1.0,0.142857,0.285714,0.285714,0.428571
2023_G_A175.pdf-8d4a4c05-3206-497f-bcd2-34719146185f,Layout-Order,0.6,0.333333,0.2,0.142857,0.659286,1.0,0.4,0.6,0.6,0.8
2023_G_B226.pdf-138a457c-a3d1-4dec-a2b6-3b5dc1265cc7,Layout-Order,0.5,0.666667,0.25,0.222222,0.705351,1.0,0.375,0.5,0.5,0.5
2023_G_B311.pdf-4c40818a-19f0-4e8f-bea2-d2c28c9a7a93,Layout-Order,0.333333,0.333333,0.333333,0.2,0.625,1.0,0.666667,0.666667,0.666667,0.666667
2023_G_C050.pdf-2049a35a-b3ce-49bb-a0db-827272b74086,Layout-Order,0.666667,0.666667,0.666667,0.5,0.680556,1.0,0.666667,0.666667,0.666667,0.666667
2023_G_C228.pdf-b2387ac6-a2c5-4f0e-a228-e82e75c63418,Layout-Order,0.0,0.0,0.0,0.0,0.0625,0.0625,0.0,0.0,0.0,0.0
2023_G_E032.pdf-a2ac9d24-a978-4750-bdfc-d48988ea3d38,Layout-Order,0.4,0.333333,0.2,0.142857,0.372351,1.0,0.2,0.4,0.4,0.4
2023_G_E176.pdf-6a7252f2-fcac-48bd-9de1-2adf091599c5,Layout-Order,0.333333,0.333333,0.333333,0.2,0.386752,1.0,0.333333,0.333333,0.333333,0.333333
2016_G_A028.pdf-6e4c52f4-be1a-43fe-9a4f-f2f6fb479a0c,Caption-BM25,1.0,0.666667,1.0,0.666667,1.0,1.0,1.0,1.0,1.0,1.0
2016_G_A194.pdf-b86a85b1-ff13-48a6-90bc-0afc1ed6de24,Caption-BM25,0.0,0.333333,0.5,0.25,0.416667,0.333333,1.0,1.0,1.0,1.0
2016_G_A433.pdf-ace5f580-0291-4b74-8e8a-3e24514c4563,Caption-BM25,0.0,0.0,0.0,0.0,0.214286,0.142857,0.0,0.0,0.0,0.333333
2016_G_B022.pdf-45c1977b-4052-4367-8a33-85a423730b3d,Caption-BM25,0.333333,0.333333,0.333333,0.2,0.495238,1.0,0.333333,0.333333,0.333333,0.666667
2016_G_B044.pdf-bb7acb2d-63cf-48d6-acf7-16e9e75ec953,Caption-BM25,0.5,0.333333,0.5,0.25,0.611111,1.0,0.5,0.5,0.5,0.5
2016_G_B067.pdf-f6c8e02c-ac22-49cb-a2f4-6f0cb4726072,Caption-BM25,0.0,0.0,0.0,0.0,0.221429,0.25,0.333333,0.333333,0.333333,0.333333
2016_G_B294.pdf-efa735c1-180d-4ef2-b2e3-71ef259ee165,Caption-BM25,0.333333,0.333333,0.333333,0.2,0.205409,0.333333,0.333333,0.333333,0.333333,0.333333
2017_G_A156.pdf-526d4bc0-c508-47e0-9181-6bcff011181f,Caption-BM25,0.0,0.0,0.0,0.0,0.213131,0.166667,0.0,0.0,0.333333,0.333333
2017_G_B104.pdf-435f7107-40d7-45f1-8d90-183339b8efc2,Caption-BM25,0.0,0.0,0.0,0.0,0.257407,0.25,0.333333,0.333333,0.333333,0.333333
2017_G_B154.pdf-6b295a37-7f1d-4087-aa6b-498ebc227dfe,Caption-BM25,0.333333,0.333333,0.333333,0.2,0.466667,1.0,0.333333,0.333333,0.333333,0.333333
2017_G_B248.pdf-ceeb3cc2-f05c-4906-833a-5eb02870f643,Caption-BM25,0.333333,0.333333,0.333333,0.2,0.527778,1.0,0.333333,0.333333,0.333333,0.333333
2017_G_B315.pdf-11a42682-c012-4452-b69e-37bc3de34fc6,Caption-BM25,0.666667,0.666667,0.666667,0.5,0.755556,1.0,0.666667,1.0,1.0,1.0
2017_G_B447.pdf-bba1d9f9-3235-4893-aeb8-689cd6ed9376,Caption-BM25,0.25,0.333333,0.25,0.166667,0.385109,1.0,0.25,0.25,0.25,0.25
2017_G_D002.pdf-34552dc9-fe7d-49e0-90b4-279a27481fa2,Caption-BM25,1.0,0.666667,1.0,0.666667,1.0,1.0,1.0,1.0,1.0,1.0
2017_G_D035.pdf-dd7e65e6-ee52-4f20-a6d6-e97d20729925,Caption-BM25,0.0,0.0,0.0,0.0,0.142857,0.142857,0.0,0.0,0.0,1.0
2018_G_A229.pdf-b6d5ce70-0a39-4325-8406-1c887d9ce90c,Caption-BM25,0.0,0.0,0.0,0.0,0.111111,0.111111,0.0,0.0,0.0,0.0
2018_G_A440.pdf-065775f5-ff13-48f5-b12d-623da439971f,Caption-BM25,1.0,0.333333,1.0,0.333333,1.0,1.0,1.0,1.0,1.0,1.0
2018_G_A466.pdf-f42c5f5a-ee2d-4f66-84b0-d3e32153a4e5,Caption-BM25,0.0,0.0,0.0,0.0,0.242857,0.2,0.0,0.5,0.5,1.0
2018_G_B203.pdf-cd92e332-dd42-40fe-9530-03ab83e77d3a,Caption-BM25,0.6,0.333333,0.2,0.142857,0.69619,1.0,0.4,0.6,0.8,1.0
2018_G_B334.pdf-9618d410-024a-4368-8c34-abb687df4146,Caption-BM25,0.0,0.0,0.0,0.0,0.266667,0.2,0.0,0.5,1.0,1.0
2018_G_C008.pdf-3e10abb3-a9d0-4ecb-898d-01d2020ed451,Caption-BM25,0.666667,0.666667,0.666667,0.5,0.698413,1.0,0.666667,0.666667,0.666667,1.0
2018_G_D029.pdf-10d238b4-ee16-4891-9522-f7e895f2f545,Caption-BM25,0.5,0.666667,1.0,0.666667,0.583333,0.5,1.0,1.0,1.0,1.0
2023_G_A092.pdf-5db87c85-f001-44bb-9cd1-933c32b9efdf,Caption-BM25,0.0,0.0,0.0,0.0,0.083639,0.071429,0.0,0.0,0.0,0.0
2023_G_A127.pdf-c7af97bb-63f5-4e7a-ae28-7f7b3d4f016c,Caption-BM25,0.142857,0.0,0.0,0.0,0.245536,0.2,0.0,0.142857,0.142857,0.142857
2023_G_A175.pdf-8d4a4c05-3206-497f-bcd2-34719146185f,Caption-BM25,0.4,0.333333,0.2,0.142857,0.485714,0.5,0.4,0.4,0.4,0.6
2023_G_B226.pdf-138a457c-a3d1-4dec-a2b6-3b5dc1265cc7,Caption-BM25,0.375,0.333333,0.125,0.1,0.369061,0.5,0.125,0.25,0.25,0.25
2023_G_B311.pdf-4c40818a-19f0-4e8f-bea2-d2c28c9a7a93,Caption-BM25,0.333333,0.333333,0.333333,0.2,0.490909,1.0,0.333333,0.333333,0.333333,0.333333
2023_G_C050.pdf-2049a35a-b3ce-49bb-a0db-827272b74086,Caption-BM25,0.333333,0.333333,0.333333,0.2,0.430409,1.0,0.333333,0.333333,0.333333,0.333333
2023_G_C228.pdf-b2387ac6-a2c5-4f0e-a228-e82e75c63418,Caption-BM25,0.0,0.0,0.0,0.0,0.055556,0.055556,0.0,0.0,0.0,0.0
2023_G_E032.pdf-a2ac9d24-a978-4750-bdfc-d48988ea3d38,Caption-BM25,0.0,0.0,0.0,0.0,0.179953,0.166667,0.0,0.0,0.2,0.2
2023_G_E176.pdf-6a7252f2-fcac-48bd-9de1-2adf091599c5,Caption-BM25,0.0,0.0,0.0,0.0,0.09612,0.142857,0.0,0.0,0.0,0.333333
2016_G_A028.pdf-6e4c52f4-be1a-43fe-9a4f-f2f6fb479a0c,Caption-Dense-v4,0.0,0.0,0.0,0.0,0.095455,0.090909,0.0,0.0,0.0,0.0
2016_G_A194.pdf-b86a85b1-ff13-48a6-90bc-0afc1ed6de24,Caption-Dense-v4,0.0,0.0,0.0,0.0,0.325,0.25,0.5,1.0,1.0,1.0
2016_G_A433.pdf-ace5f580-0291-4b74-8e8a-3e24514c4563,Caption-Dense-v4,0.0,0.0,0.0,0.0,0.199495,0.166667,0.0,0.0,0.333333,0.333333
2016_G_B022.pdf-45c1977b-4052-4367-8a33-85a423730b3d,Caption-Dense-v4,0.0,0.0,0.0,0.0,0.182407,0.125,0.0,0.0,0.0,0.0
2016_G_B044.pdf-bb7acb2d-63cf-48d6-acf7-16e9e75ec953,Caption-Dense-v4,0.5,0.333333,0.5,0.25,0.642857,1.0,0.5,0.5,0.5,1.0
2016_G_B067.pdf-f6c8e02c-ac22-49cb-a2f4-6f0cb4726072,Caption-Dense-v4,0.0,0.0,0.0,0.0,0.229798,0.166667,0.0,0.0,0.333333,0.333333
2016_G_B294.pdf-efa735c1-180d-4ef2-b2e3-71ef259ee165,Caption-Dense-v4,0.666667,0.666667,0.666667,0.5,0.791667,1.0,0.666667,0.666667,0.666667,0.666667
2017_G_A156.pdf-526d4bc0-c508-47e0-9181-6bcff011181f,Caption-Dense-v4,0.333333,0.333333,0.333333,0.2,0.31746,0.5,0.333333,0.333333,0.333333,0.666667
2017_G_B104.pdf-435f7107-40d7-45f1-8d90-183339b8efc2,Caption-Dense-v4,0.333333,0.333333,0.333333,0.2,0.361905,0.5,0.333333,0.333333,0.333333,0.666667
2017_G_B154.pdf-6b295a37-7f1d-4087-aa6b-498ebc227dfe,Caption-Dense-v4,0.0,0.0,0.0,0.0,0.10101,0.066667,0.0,0.0,0.0,0.0
2017_G_B248.pdf-ceeb3cc2-f05c-4906-833a-5eb02870f643,Caption-Dense-v4,0.0,0.0,0.0,0.0,0.155556,0.1,0.0,0.0,0.0,0.0
2017_G_B315.pdf-11a42682-c012-4452-b69e-37bc3de34fc6,Caption-Dense-v4,0.333333,0.333333,0.333333,0.2,0.477778,0.333333,0.666667,1.0,1.0,1.0
2017_G_B447.pdf-bba1d9f9-3235-4893-aeb8-689cd6ed9376,Caption-Dense-v4,0.0,0.0,0.0,0.0,0.089331,0.052632,0.0,0.0,0.0,0.0
2017_G_D002.pdf-34552dc9-fe7d-49e0-90b4-279a27481fa2,Caption-Dense-v4,0.5,0.333333,0.5,0.25,0.625,1.0,0.5,0.5,0.5,0.5
2017_G_D035.pdf-dd7e65e6-ee52-4f20-a6d6-e97d20729925,Caption-Dense-v4,0.0,0.333333,1.0,0.333333,0.5,0.5,1.0,1.0,1.0,1.0
2018_G_A229.pdf-b6d5ce70-0a39-4325-8406-1c887d9ce90c,Caption-Dense-v4,0.0,0.0,0.0,0.0,0.1,0.1,0.0,0.0,0.0,0.0
2018_G_A440.pdf-065775f5-ff13-48f5-b12d-623da439971f,Caption-Dense-v4,1.0,0.333333,1.0,0.333333,1.0,1.0,1.0,1.0,1.0,1.0
2018_G_A466.pdf-f42c5f5a-ee2d-4f66-84b0-d3e32153a4e5,Caption-Dense-v4,0.0,0.0,0.0,0.0,0.208333,0.25,0.5,0.5,0.5,0.5
2018_G_B203.pdf-cd92e332-dd42-40fe-9530-03ab83e77d3a,Caption-Dense-v4,0.6,0.666667,0.4,0.333333,0.79619,1.0,0.4,0.6,0.8,1.0
2018_G_B334.pdf-9618d410-024a-4368-8c34-abb687df4146,Caption-Dense-v4,0.5,0.333333,0.5,0.25,0.7,1.0,0.5,1.0,1.0,1.0
2018_G_C008.pdf-3e10abb3-a9d0-4ecb-898d-01d2020ed451,Caption-Dense-v4,0.666667,0.666667,0.666667,0.5,0.833333,1.0,0.666667,0.666667,1.0,1.0
2018_G_D029.pdf-10d238b4-ee16-4891-9522-f7e895f2f545,Caption-Dense-v4,0.5,0.333333,0.5,0.25,0.75,1.0,1.0,1.0,1.0,1.0
2023_G_A092.pdf-5db87c85-f001-44bb-9cd1-933c32b9efdf,Caption-Dense-v4,0.0,0.0,0.0,0.0,0.102964,0.076923,0.0,0.0,0.0,0.0
2023_G_A127.pdf-c7af97bb-63f5-4e7a-ae28-7f7b3d4f016c,Caption-Dense-v4,0.142857,0.333333,0.142857,0.111111,0.29941,0.333333,0.142857,0.142857,0.142857,0.142857
2023_G_A175.pdf-8d4a4c05-3206-497f-bcd2-34719146185f,Caption-Dense-v4,0.4,0.666667,0.4,0.333333,0.497222,0.5,0.4,0.4,0.4,0.4
2023_G_B226.pdf-138a457c-a3d1-4dec-a2b6-3b5dc1265cc7,Caption-Dense-v4,0.375,0.333333,0.125,0.1,0.346057,0.333333,0.125,0.25,0.25,0.25
2023_G_B311.pdf-4c40818a-19f0-4e8f-bea2-d2c28c9a7a93,Caption-Dense-v4,0.333333,0.333333,0.333333,0.2,0.387302,0.333333,0.333333,0.666667,0.666667,1.0
2023_G_C050.pdf-2049a35a-b3ce-49bb-a0db-827272b74086,Caption-Dense-v4,0.0,0.0,0.0,0.0,0.163743,0.166667,0.0,0.0,0.333333,0.333333
2023_G_C228.pdf-b2387ac6-a2c5-4f0e-a228-e82e75c63418,Caption-Dense-v4,0.0,0.0,0.0,0.0,0.0625,0.0625,0.0,0.0,0.0,0.0
2023_G_E032.pdf-a2ac9d24-a978-4750-bdfc-d48988ea3d38,Caption-Dense-v4,0.0,0.0,0.0,0.0,0.171008,0.142857,0.0,0.0,0.0,0.2
2023_G_E176.pdf-6a7252f2-fcac-48bd-9de1-2adf091599c5,Caption-Dense-v4,0.0,0.0,0.0,0.0,0.111623,0.166667,0.0,0.0,0.333333,0.333333
2016_G_A028.pdf-6e4c52f4-be1a-43fe-9a4f-f2f6fb479a0c,Zero-shot-CLIP,0.0,0.0,0.0,0.0,0.1125,0.1,0.0,0.0,0.0,0.0
2016_G_A194.pdf-b86a85b1-ff13-48a6-90bc-0afc1ed6de24,Zero-shot-CLIP,0.0,0.0,0.0,0.0,0.126984,0.111111,0.0,0.0,0.0,0.0
2016_G_A433.pdf-ace5f580-0291-4b74-8e8a-3e24514c4563,Zero-shot-CLIP,0.0,0.0,0.0,0.0,0.220862,0.25,0.333333,0.333333,0.333333,0.333333
2016_G_B022.pdf-45c1977b-4052-4367-8a33-85a423730b3d,Zero-shot-CLIP,0.333333,0.333333,0.333333,0.2,0.267157,0.5,0.333333,0.333333,0.333333,0.333333
2016_G_B044.pdf-bb7acb2d-63cf-48d6-acf7-16e9e75ec953,Zero-shot-CLIP,0.5,0.333333,0.5,0.25,0.308824,0.5,0.5,0.5,0.5,0.5
2016_G_B067.pdf-f6c8e02c-ac22-49cb-a2f4-6f0cb4726072,Zero-shot-CLIP,0.666667,0.666667,0.666667,0.5,0.809524,1.0,0.666667,0.666667,0.666667,1.0
2016_G_B294.pdf-efa735c1-180d-4ef2-b2e3-71ef259ee165,Zero-shot-CLIP,0.333333,0.333333,0.333333,0.2,0.495238,1.0,0.333333,0.333333,0.333333,0.666667
2017_G_A156.pdf-526d4bc0-c508-47e0-9181-6bcff011181f,Zero-shot-CLIP,0.333333,0.333333,0.333333,0.2,0.289773,0.5,0.333333,0.333333,0.333333,0.333333
2017_G_B104.pdf-435f7107-40d7-45f1-8d90-183339b8efc2,Zero-shot-CLIP,0.333333,0.333333,0.333333,0.2,0.7,1.0,0.666667,1.0,1.0,1.0
2017_G_B154.pdf-6b295a37-7f1d-4087-aa6b-498ebc227dfe,Zero-shot-CLIP,0.333333,0.333333,0.333333,0.2,0.421256,1.0,0.333333,0.333333,0.333333,0.333333
2017_G_B248.pdf-ceeb3cc2-f05c-4906-833a-5eb02870f643,Zero-shot-CLIP,0.333333,0.333333,0.333333,0.2,0.366667,0.5,0.333333,0.666667,0.666667,0.666667
2017_G_B315.pdf-11a42682-c012-4452-b69e-37bc3de34fc6,Zero-shot-CLIP,0.0,0.0,0.0,0.0,0.230952,0.142857,0.0,0.0,0.0,0.333333
2017_G_B447.pdf-bba1d9f9-3235-4893-aeb8-689cd6ed9376,Zero-shot-CLIP,0.25,0.333333,0.25,0.166667,0.274079,0.5,0.25,0.5,0.5,0.5
2017_G_D002.pdf-34552dc9-fe7d-49e0-90b4-279a27481fa2,Zero-shot-CLIP,0.0,0.0,0.0,0.0,0.267857,0.25,0.5,0.5,0.5,1.0
2017_G_D035.pdf-dd7e65e6-ee52-4f20-a6d6-e97d20729925,Zero-shot-CLIP,0.0,0.0,0.0,0.0,0.142857,0.142857,0.0,0.0,0.0,1.0
2018_G_A229.pdf-b6d5ce70-0a39-4325-8406-1c887d9ce90c,Zero-shot-CLIP,0.0,0.333333,1.0,0.333333,0.5,0.5,1.0,1.0,1.0,1.0
2018_G_A440.pdf-065775f5-ff13-48f5-b12d-623da439971f,Zero-shot-CLIP,1.0,0.333333,1.0,0.333333,1.0,1.0,1.0,1.0,1.0,1.0
2018_G_A466.pdf-f42c5f5a-ee2d-4f66-84b0-d3e32153a4e5,Zero-shot-CLIP,0.0,0.333333,0.5,0.25,0.309524,0.333333,0.5,0.5,0.5,1.0
2018_G_B203.pdf-cd92e332-dd42-40fe-9530-03ab83e77d3a,Zero-shot-CLIP,0.6,0.333333,0.2,0.142857,0.69619,1.0,0.4,0.6,0.8,1.0
2018_G_B334.pdf-9618d410-024a-4368-8c34-abb687df4146,Zero-shot-CLIP,0.5,0.333333,0.5,0.25,0.666667,1.0,0.5,0.5,1.0,1.0
2018_G_C008.pdf-3e10abb3-a9d0-4ecb-898d-01d2020ed451,Zero-shot-CLIP,0.666667,0.666667,0.666667,0.5,0.866667,1.0,0.666667,1.0,1.0,1.0
2018_G_D029.pdf-10d238b4-ee16-4891-9522-f7e895f2f545,Zero-shot-CLIP,0.0,0.333333,0.5,0.25,0.366667,0.333333,0.5,1.0,1.0,1.0
2023_G_A092.pdf-5db87c85-f001-44bb-9cd1-933c32b9efdf,Zero-shot-CLIP,0.0,0.0,0.0,0.0,0.084586,0.052632,0.0,0.0,0.0,0.0
2023_G_A127.pdf-c7af97bb-63f5-4e7a-ae28-7f7b3d4f016c,Zero-shot-CLIP,0.285714,0.666667,0.285714,0.25,0.526451,1.0,0.285714,0.285714,0.285714,0.285714
2023_G_A175.pdf-8d4a4c05-3206-497f-bcd2-34719146185f,Zero-shot-CLIP,0.4,0.333333,0.2,0.142857,0.42127,0.333333,0.2,0.4,0.4,0.6
2023_G_B226.pdf-138a457c-a3d1-4dec-a2b6-3b5dc1265cc7,Zero-shot-CLIP,0.375,0.666667,0.25,0.222222,0.535634,1.0,0.375,0.375,0.375,0.375
2023_G_B311.pdf-4c40818a-19f0-4e8f-bea2-d2c28c9a7a93,Zero-shot-CLIP,0.333333,0.333333,0.333333,0.2,0.590909,1.0,0.666667,0.666667,0.666667,0.666667
2023_G_C050.pdf-2049a35a-b3ce-49bb-a0db-827272b74086,Zero-shot-CLIP,0.333333,0.333333,0.333333,0.2,0.330409,0.333333,0.666667,0.666667,0.666667,0.666667
2023_G_C228.pdf-b2387ac6-a2c5-4f0e-a228-e82e75c63418,Zero-shot-CLIP,0.0,0.0,0.0,0.0,0.076923,0.076923,0.0,0.0,0.0,0.0
2023_G_E032.pdf-a2ac9d24-a978-4750-bdfc-d48988ea3d38,Zero-shot-CLIP,0.2,0.333333,0.2,0.142857,0.201548,0.333333,0.2,0.2,0.2,0.2
2023_G_E176.pdf-6a7252f2-fcac-48bd-9de1-2adf091599c5,Zero-shot-CLIP,0.333333,0.333333,0.333333,0.2,0.233333,0.333333,0.333333,0.333333,0.333333,0.333333
2016_G_A028.pdf-6e4c52f4-be1a-43fe-9a4f-f2f6fb479a0c,Direct+Link,0.0,0.0,0.0,0.0,0.113095,0.083333,0.0,0.0,0.0,0.0
2016_G_A194.pdf-b86a85b1-ff13-48a6-90bc-0afc1ed6de24,Direct+Link,0.0,0.0,0.0,0.0,0.113095,0.083333,0.0,0.0,0.0,0.0
2016_G_A433.pdf-ace5f580-0291-4b74-8e8a-3e24514c4563,Direct+Link,0.333333,0.333333,0.333333,0.2,0.376923,0.5,0.333333,0.666667,0.666667,0.666667
2016_G_B022.pdf-45c1977b-4052-4367-8a33-85a423730b3d,Direct+Link,0.666667,0.666667,0.666667,0.5,0.805556,1.0,1.0,1.0,1.0,1.0
2016_G_B044.pdf-bb7acb2d-63cf-48d6-acf7-16e9e75ec953,Direct+Link,0.5,0.333333,0.5,0.25,0.666667,1.0,0.5,0.5,1.0,1.0
2016_G_B067.pdf-f6c8e02c-ac22-49cb-a2f4-6f0cb4726072,Direct+Link,0.666667,0.666667,0.666667,0.5,0.626984,1.0,0.666667,0.666667,0.666667,0.666667
2016_G_B294.pdf-efa735c1-180d-4ef2-b2e3-71ef259ee165,Direct+Link,0.0,0.0,0.0,0.0,0.224242,0.2,0.0,0.333333,0.333333,0.333333
2017_G_A156.pdf-526d4bc0-c508-47e0-9181-6bcff011181f,Direct+Link,0.666667,0.666667,0.666667,0.5,0.588889,0.5,0.666667,1.0,1.0,1.0
2017_G_B104.pdf-435f7107-40d7-45f1-8d90-183339b8efc2,Direct+Link,0.333333,0.333333,0.333333,0.2,0.386905,0.5,0.333333,0.333333,0.333333,0.666667
2017_G_B154.pdf-6b295a37-7f1d-4087-aa6b-498ebc227dfe,Direct+Link,0.0,0.0,0.0,0.0,0.151812,0.125,0.0,0.0,0.0,0.0
2017_G_B248.pdf-ceeb3cc2-f05c-4906-833a-5eb02870f643,Direct+Link,0.0,0.0,0.0,0.0,0.183824,0.25,0.333333,0.333333,0.333333,0.333333
2017_G_B315.pdf-11a42682-c012-4452-b69e-37bc3de34fc6,Direct+Link,0.333333,0.333333,0.333333,0.2,0.444444,0.5,0.666667,0.666667,0.666667,0.666667
2017_G_B447.pdf-bba1d9f9-3235-4893-aeb8-689cd6ed9376,Direct+Link,0.0,0.0,0.0,0.0,0.152749,0.125,0.0,0.0,0.0,0.0
2017_G_D002.pdf-34552dc9-fe7d-49e0-90b4-279a27481fa2,Direct+Link,0.5,0.333333,0.5,0.25,0.666667,1.0,0.5,0.5,1.0,1.0
2017_G_D035.pdf-dd7e65e6-ee52-4f20-a6d6-e97d20729925,Direct+Link,0.0,0.333333,1.0,0.333333,0.333333,0.333333,1.0,1.0,1.0,1.0
2018_G_A229.pdf-b6d5ce70-0a39-4325-8406-1c887d9ce90c,Direct+Link,1.0,0.333333,1.0,0.333333,1.0,1.0,1.0,1.0,1.0,1.0
2018_G_A440.pdf-065775f5-ff13-48f5-b12d-623da439971f,Direct+Link,0.0,0.0,0.0,0.0,0.166667,0.166667,0.0,0.0,1.0,1.0
2018_G_A466.pdf-f42c5f5a-ee2d-4f66-84b0-d3e32153a4e5,Direct+Link,0.5,0.666667,1.0,0.666667,0.583333,0.5,1.0,1.0,1.0,1.0
2018_G_B203.pdf-cd92e332-dd42-40fe-9530-03ab83e77d3a,Direct+Link,1.0,1.0,0.6,0.6,1.0,1.0,0.8,1.0,1.0,1.0
2018_G_B334.pdf-9618d410-024a-4368-8c34-abb687df4146,Direct+Link,0.5,0.333333,0.5,0.25,0.45,0.5,0.5,1.0,1.0,1.0
2018_G_C008.pdf-3e10abb3-a9d0-4ecb-898d-01d2020ed451,Direct+Link,0.333333,0.333333,0.333333,0.2,0.420635,0.333333,0.666667,0.666667,0.666667,1.0
2018_G_D029.pdf-10d238b4-ee16-4891-9522-f7e895f2f545,Direct+Link,1.0,0.666667,1.0,0.666667,1.0,1.0,1.0,1.0,1.0,1.0
2023_G_A092.pdf-5db87c85-f001-44bb-9cd1-933c32b9efdf,Direct+Link,0.75,1.0,0.75,0.75,0.808824,1.0,0.75,0.75,0.75,0.75
2023_G_A127.pdf-c7af97bb-63f5-4e7a-ae28-7f7b3d4f016c,Direct+Link,0.428571,0.0,0.0,0.0,0.357427,0.25,0.142857,0.142857,0.285714,0.428571
2023_G_A175.pdf-8d4a4c05-3206-497f-bcd2-34719146185f,Direct+Link,0.4,0.333333,0.2,0.142857,0.554798,1.0,0.4,0.4,0.4,0.4
2023_G_B226.pdf-138a457c-a3d1-4dec-a2b6-3b5dc1265cc7,Direct+Link,0.25,0.333333,0.125,0.1,0.42897,1.0,0.125,0.125,0.125,0.25
2023_G_B311.pdf-4c40818a-19f0-4e8f-bea2-d2c28c9a7a93,Direct+Link,0.333333,0.333333,0.333333,0.2,0.33165,0.5,0.333333,0.333333,0.333333,0.333333
2023_G_C050.pdf-2049a35a-b3ce-49bb-a0db-827272b74086,Direct+Link,0.333333,0.333333,0.333333,0.2,0.544444,1.0,0.333333,0.333333,0.666667,0.666667
2023_G_C228.pdf-b2387ac6-a2c5-4f0e-a228-e82e75c63418,Direct+Link,0.0,0.0,0.0,0.0,0.071429,0.071429,0.0,0.0,0.0,0.0
2023_G_E032.pdf-a2ac9d24-a978-4750-bdfc-d48988ea3d38,Direct+Link,0.0,0.0,0.0,0.0,0.104183,0.066667,0.0,0.0,0.0,0.0
2023_G_E176.pdf-6a7252f2-fcac-48bd-9de1-2adf091599c5,Direct+Link,0.0,0.0,0.0,0.0,0.086799,0.076923,0.0,0.0,0.0,0.0
2016_G_A028.pdf-6e4c52f4-be1a-43fe-9a4f-f2f6fb479a0c,Direct+Link+Layout,0.0,0.0,0.0,0.0,0.116883,0.090909,0.0,0.0,0.0,0.0
2016_G_A194.pdf-b86a85b1-ff13-48a6-90bc-0afc1ed6de24,Direct+Link+Layout,0.5,0.333333,0.5,0.25,0.566667,1.0,0.5,0.5,0.5,0.5
2016_G_A433.pdf-ace5f580-0291-4b74-8e8a-3e24514c4563,Direct+Link+Layout,0.333333,0.333333,0.333333,0.2,0.361905,0.5,0.333333,0.333333,0.333333,0.666667
2016_G_B022.pdf-45c1977b-4052-4367-8a33-85a423730b3d,Direct+Link+Layout,0.666667,0.666667,0.666667,0.5,0.916667,1.0,1.0,1.0,1.0,1.0
2016_G_B044.pdf-bb7acb2d-63cf-48d6-acf7-16e9e75ec953,Direct+Link+Layout,0.5,0.333333,0.5,0.25,0.7,1.0,0.5,1.0,1.0,1.0
2016_G_B067.pdf-f6c8e02c-ac22-49cb-a2f4-6f0cb4726072,Direct+Link+Layout,0.666667,0.666667,0.666667,0.5,0.866667,1.0,0.666667,1.0,1.0,1.0
2016_G_B294.pdf-efa735c1-180d-4ef2-b2e3-71ef259ee165,Direct+Link+Layout,0.333333,0.333333,0.333333,0.2,0.633333,1.0,0.333333,0.666667,1.0,1.0
2017_G_A156.pdf-526d4bc0-c508-47e0-9181-6bcff011181f,Direct+Link+Layout,0.333333,0.333333,0.333333,0.2,0.587302,1.0,0.333333,0.333333,0.666667,1.0
2017_G_B104.pdf-435f7107-40d7-45f1-8d90-183339b8efc2,Direct+Link+Layout,0.333333,0.333333,0.333333,0.2,0.553571,1.0,0.333333,0.333333,0.333333,0.666667
2017_G_B154.pdf-6b295a37-7f1d-4087-aa6b-498ebc227dfe,Direct+Link+Layout,0.333333,0.333333,0.333333,0.2,0.510145,1.0,0.333333,0.666667,0.666667,0.666667
2017_G_B248.pdf-ceeb3cc2-f05c-4906-833a-5eb02870f643,Direct+Link+Layout,0.333333,0.333333,0.333333,0.2,0.283272,0.333333,0.333333,0.333333,0.333333,0.666667
2017_G_B315.pdf-11a42682-c012-4452-b69e-37bc3de34fc6,Direct+Link+Layout,0.333333,0.333333,0.333333,0.2,0.444444,0.5,0.666667,0.666667,0.666667,0.666667
2017_G_B447.pdf-bba1d9f9-3235-4893-aeb8-689cd6ed9376,Direct+Link+Layout,0.25,0.333333,0.25,0.166667,0.400962,1.0,0.25,0.25,0.25,0.25
2017_G_D002.pdf-34552dc9-fe7d-49e0-90b4-279a27481fa2,Direct+Link+Layout,0.0,0.0,0.0,0.0,0.267857,0.25,0.5,0.5,0.5,1.0
2017_G_D035.pdf-dd7e65e6-ee52-4f20-a6d6-e97d20729925,Direct+Link+Layout,1.0,0.333333,1.0,0.333333,1.0,1.0,1.0,1.0,1.0,1.0
2018_G_A229.pdf-b6d5ce70-0a39-4325-8406-1c887d9ce90c,Direct+Link+Layout,0.0,0.333333,1.0,0.333333,0.5,0.5,1.0,1.0,1.0,1.0
2018_G_A440.pdf-065775f5-ff13-48f5-b12d-623da439971f,Direct+Link+Layout,0.0,0.333333,1.0,0.333333,0.333333,0.333333,1.0,1.0,1.0,1.0
2018_G_A466.pdf-f42c5f5a-ee2d-4f66-84b0-d3e32153a4e5,Direct+Link+Layout,1.0,0.666667,1.0,0.666667,1.0,1.0,1.0,1.0,1.0,1.0
2018_G_B203.pdf-cd92e332-dd42-40fe-9530-03ab83e77d3a,Direct+Link+Layout,1.0,1.0,0.6,0.6,1.0,1.0,0.8,1.0,1.0,1.0
2018_G_B334.pdf-9618d410-024a-4368-8c34-abb687df4146,Direct+Link+Layout,0.5,0.333333,0.5,0.25,0.75,1.0,1.0,1.0,1.0,1.0
2018_G_C008.pdf-3e10abb3-a9d0-4ecb-898d-01d2020ed451,Direct+Link+Layout,0.333333,0.333333,0.333333,0.2,0.633333,1.0,0.333333,0.666667,1.0,1.0
2018_G_D029.pdf-10d238b4-ee16-4891-9522-f7e895f2f545,Direct+Link+Layout,0.5,0.666667,1.0,0.666667,0.583333,0.5,1.0,1.0,1.0,1.0
2023_G_A092.pdf-5db87c85-f001-44bb-9cd1-933c32b9efdf,Direct+Link+Layout,0.25,0.333333,0.25,0.166667,0.541667,1.0,0.25,0.5,0.75,0.75
2023_G_A127.pdf-c7af97bb-63f5-4e7a-ae28-7f7b3d4f016c,Direct+Link+Layout,0.285714,0.333333,0.142857,0.111111,0.481663,1.0,0.142857,0.142857,0.285714,0.285714
2023_G_A175.pdf-8d4a4c05-3206-497f-bcd2-34719146185f,Direct+Link+Layout,0.4,0.666667,0.4,0.333333,0.607937,1.0,0.4,0.4,0.4,0.6
2023_G_B226.pdf-138a457c-a3d1-4dec-a2b6-3b5dc1265cc7,Direct+Link+Layout,0.5,0.666667,0.25,0.222222,0.645119,1.0,0.375,0.375,0.375,0.375
2023_G_B311.pdf-4c40818a-19f0-4e8f-bea2-d2c28c9a7a93,Direct+Link+Layout,0.333333,0.333333,0.333333,0.2,0.519481,1.0,0.333333,0.333333,0.333333,0.666667
2023_G_C050.pdf-2049a35a-b3ce-49bb-a0db-827272b74086,Direct+Link+Layout,0.0,0.0,0.0,0.0,0.337302,0.25,0.333333,0.333333,0.666667,1.0
2023_G_C228.pdf-b2387ac6-a2c5-4f0e-a228-e82e75c63418,Direct+Link+Layout,0.0,0.0,0.0,0.0,0.052632,0.052632,0.0,0.0,0.0,0.0
2023_G_E032.pdf-a2ac9d24-a978-4750-bdfc-d48988ea3d38,Direct+Link+Layout,0.0,0.0,0.0,0.0,0.118109,0.1,0.0,0.0,0.0,0.0
2023_G_E176.pdf-6a7252f2-fcac-48bd-9de1-2adf091599c5,Direct+Link+Layout,0.333333,0.333333,0.333333,0.2,0.230882,0.5,0.333333,0.333333,0.333333,0.333333
2016_G_A028.pdf-6e4c52f4-be1a-43fe-9a4f-f2f6fb479a0c,Direct+Link+Layout+Type,0.0,0.0,0.0,0.0,0.128788,0.090909,0.0,0.0,0.0,0.0
2016_G_A194.pdf-b86a85b1-ff13-48a6-90bc-0afc1ed6de24,Direct+Link+Layout+Type,0.5,0.333333,0.5,0.25,0.6,1.0,0.5,0.5,0.5,0.5
2016_G_A433.pdf-ace5f580-0291-4b74-8e8a-3e24514c4563,Direct+Link+Layout+Type,0.333333,0.333333,0.333333,0.2,0.361905,0.5,0.333333,0.333333,0.333333,0.666667
2016_G_B022.pdf-45c1977b-4052-4367-8a33-85a423730b3d,Direct+Link+Layout+Type,0.666667,0.666667,0.666667,0.5,0.866667,1.0,0.666667,1.0,1.0,1.0
2016_G_B044.pdf-bb7acb2d-63cf-48d6-acf7-16e9e75ec953,Direct+Link+Layout+Type,0.5,0.333333,0.5,0.25,0.7,1.0,0.5,1.0,1.0,1.0
2016_G_B067.pdf-f6c8e02c-ac22-49cb-a2f4-6f0cb4726072,Direct+Link+Layout+Type,0.666667,0.666667,0.666667,0.5,0.866667,1.0,0.666667,1.0,1.0,1.0
2016_G_B294.pdf-efa735c1-180d-4ef2-b2e3-71ef259ee165,Direct+Link+Layout+Type,0.333333,0.333333,0.333333,0.2,0.466667,0.5,0.333333,0.666667,1.0,1.0
2017_G_A156.pdf-526d4bc0-c508-47e0-9181-6bcff011181f,Direct+Link+Layout+Type,0.333333,0.333333,0.333333,0.2,0.587302,1.0,0.333333,0.333333,0.666667,1.0
2017_G_B104.pdf-435f7107-40d7-45f1-8d90-183339b8efc2,Direct+Link+Layout+Type,0.333333,0.333333,0.333333,0.2,0.553571,1.0,0.333333,0.333333,0.333333,0.666667
2017_G_B154.pdf-6b295a37-7f1d-4087-aa6b-498ebc227dfe,Direct+Link+Layout+Type,0.333333,0.333333,0.333333,0.2,0.510145,1.0,0.333333,0.666667,0.666667,0.666667
2017_G_B248.pdf-ceeb3cc2-f05c-4906-833a-5eb02870f643,Direct+Link+Layout+Type,0.333333,0.333333,0.333333,0.2,0.388889,0.5,0.333333,0.333333,0.666667,0.666667
2017_G_B315.pdf-11a42682-c012-4452-b69e-37bc3de34fc6,Direct+Link+Layout+Type,0.333333,0.333333,0.333333,0.2,0.444444,0.5,0.666667,0.666667,0.666667,0.666667
2017_G_B447.pdf-bba1d9f9-3235-4893-aeb8-689cd6ed9376,Direct+Link+Layout+Type,0.5,0.666667,0.5,0.4,0.590909,1.0,0.5,0.5,0.5,0.5
2017_G_D002.pdf-34552dc9-fe7d-49e0-90b4-279a27481fa2,Direct+Link+Layout+Type,0.0,0.0,0.0,0.0,0.267857,0.25,0.5,0.5,0.5,1.0
2017_G_D035.pdf-dd7e65e6-ee52-4f20-a6d6-e97d20729925,Direct+Link+Layout+Type,1.0,0.333333,1.0,0.333333,1.0,1.0,1.0,1.0,1.0,1.0
2018_G_A229.pdf-b6d5ce70-0a39-4325-8406-1c887d9ce90c,Direct+Link+Layout+Type,0.0,0.333333,1.0,0.333333,0.5,0.5,1.0,1.0,1.0,1.0
2018_G_A440.pdf-065775f5-ff13-48f5-b12d-623da439971f,Direct+Link+Layout+Type,0.0,0.333333,1.0,0.333333,0.333333,0.333333,1.0,1.0,1.0,1.0
2018_G_A466.pdf-f42c5f5a-ee2d-4f66-84b0-d3e32153a4e5,Direct+Link+Layout+Type,1.0,0.666667,1.0,0.666667,1.0,1.0,1.0,1.0,1.0,1.0
2018_G_B203.pdf-cd92e332-dd42-40fe-9530-03ab83e77d3a,Direct+Link+Layout+Type,1.0,1.0,0.6,0.6,1.0,1.0,0.8,1.0,1.0,1.0
2018_G_B334.pdf-9618d410-024a-4368-8c34-abb687df4146,Direct+Link+Layout+Type,0.5,0.333333,0.5,0.25,0.75,1.0,1.0,1.0,1.0,1.0
2018_G_C008.pdf-3e10abb3-a9d0-4ecb-898d-01d2020ed451,Direct+Link+Layout+Type,0.333333,0.333333,0.333333,0.2,0.633333,1.0,0.333333,0.666667,1.0,1.0
2018_G_D029.pdf-10d238b4-ee16-4891-9522-f7e895f2f545,Direct+Link+Layout+Type,0.5,0.666667,1.0,0.666667,0.583333,0.5,1.0,1.0,1.0,1.0
2023_G_A092.pdf-5db87c85-f001-44bb-9cd1-933c32b9efdf,Direct+Link+Layout+Type,0.5,0.333333,0.25,0.166667,0.625,1.0,0.5,0.75,0.75,0.75
2023_G_A127.pdf-c7af97bb-63f5-4e7a-ae28-7f7b3d4f016c,Direct+Link+Layout+Type,0.428571,0.666667,0.285714,0.25,0.509242,0.5,0.285714,0.428571,0.428571,0.428571
2023_G_A175.pdf-8d4a4c05-3206-497f-bcd2-34719146185f,Direct+Link+Layout+Type,0.4,0.666667,0.4,0.333333,0.607937,1.0,0.4,0.4,0.4,0.6
2023_G_B226.pdf-138a457c-a3d1-4dec-a2b6-3b5dc1265cc7,Direct+Link+Layout+Type,0.5,0.666667,0.25,0.222222,0.688695,1.0,0.375,0.5,0.5,0.5
2023_G_B311.pdf-4c40818a-19f0-4e8f-bea2-d2c28c9a7a93,Direct+Link+Layout+Type,0.333333,0.333333,0.333333,0.2,0.519481,1.0,0.333333,0.333333,0.333333,0.666667
2023_G_C050.pdf-2049a35a-b3ce-49bb-a0db-827272b74086,Direct+Link+Layout+Type,0.0,0.0,0.0,0.0,0.337302,0.25,0.333333,0.333333,0.666667,1.0
2023_G_C228.pdf-b2387ac6-a2c5-4f0e-a228-e82e75c63418,Direct+Link+Layout+Type,0.0,0.0,0.0,0.0,0.055556,0.055556,0.0,0.0,0.0,0.0
2023_G_E032.pdf-a2ac9d24-a978-4750-bdfc-d48988ea3d38,Direct+Link+Layout+Type,0.0,0.0,0.0,0.0,0.119279,0.1,0.0,0.0,0.0,0.0
2023_G_E176.pdf-6a7252f2-fcac-48bd-9de1-2adf091599c5,Direct+Link+Layout+Type,0.333333,0.333333,0.333333,0.2,0.232198,0.5,0.333333,0.333333,0.333333,0.333333
2016_G_A028.pdf-6e4c52f4-be1a-43fe-9a4f-f2f6fb479a0c,DirectOnly,0.0,0.0,0.0,0.0,0.1875,0.25,0.5,0.5,0.5,0.5
2016_G_A194.pdf-b86a85b1-ff13-48a6-90bc-0afc1ed6de24,DirectOnly,0.0,0.0,0.0,0.0,0.196429,0.25,0.5,0.5,0.5,0.5
2016_G_A433.pdf-ace5f580-0291-4b74-8e8a-3e24514c4563,DirectOnly,0.333333,0.333333,0.333333,0.2,0.425,0.5,0.333333,0.666667,0.666667,0.666667
2016_G_B022.pdf-45c1977b-4052-4367-8a33-85a423730b3d,DirectOnly,0.333333,0.333333,0.333333,0.2,0.516667,1.0,0.333333,0.333333,0.333333,0.333333
2016_G_B044.pdf-bb7acb2d-63cf-48d6-acf7-16e9e75ec953,DirectOnly,0.5,0.666667,1.0,0.666667,0.583333,0.5,1.0,1.0,1.0,1.0
2016_G_B067.pdf-f6c8e02c-ac22-49cb-a2f4-6f0cb4726072,DirectOnly,0.0,0.0,0.0,0.0,0.12215,0.090909,0.0,0.0,0.0,0.0
2016_G_B294.pdf-efa735c1-180d-4ef2-b2e3-71ef259ee165,DirectOnly,0.0,0.0,0.0,0.0,0.141917,0.142857,0.0,0.0,0.0,0.333333
2017_G_A156.pdf-526d4bc0-c508-47e0-9181-6bcff011181f,DirectOnly,0.333333,0.333333,0.333333,0.2,0.444444,0.333333,0.666667,0.666667,1.0,1.0
2017_G_B104.pdf-435f7107-40d7-45f1-8d90-183339b8efc2,DirectOnly,0.333333,0.333333,0.333333,0.2,0.444444,0.5,0.666667,0.666667,0.666667,0.666667
2017_G_B154.pdf-6b295a37-7f1d-4087-aa6b-498ebc227dfe,DirectOnly,0.0,0.0,0.0,0.0,0.114927,0.076923,0.0,0.0,0.0,0.0
2017_G_B248.pdf-ceeb3cc2-f05c-4906-833a-5eb02870f643,DirectOnly,0.333333,0.333333,0.333333,0.2,0.289377,0.5,0.333333,0.333333,0.333333,0.333333
2017_G_B315.pdf-11a42682-c012-4452-b69e-37bc3de34fc6,DirectOnly,0.333333,0.333333,0.333333,0.2,0.411111,0.333333,0.333333,0.666667,1.0,1.0
2017_G_B447.pdf-bba1d9f9-3235-4893-aeb8-689cd6ed9376,DirectOnly,0.0,0.0,0.0,0.0,0.126978,0.090909,0.0,0.0,0.0,0.0
2017_G_D002.pdf-34552dc9-fe7d-49e0-90b4-279a27481fa2,DirectOnly,0.5,0.333333,0.5,0.25,0.361111,0.5,0.5,0.5,0.5,0.5
2017_G_D035.pdf-dd7e65e6-ee52-4f20-a6d6-e97d20729925,DirectOnly,0.0,0.333333,1.0,0.333333,0.333333,0.333333,1.0,1.0,1.0,1.0
2018_G_A229.pdf-b6d5ce70-0a39-4325-8406-1c887d9ce90c,DirectOnly,1.0,0.333333,1.0,0.333333,1.0,1.0,1.0,1.0,1.0,1.0
2018_G_A440.pdf-065775f5-ff13-48f5-b12d-623da439971f,DirectOnly,0.0,0.0,0.0,0.0,0.125,0.125,0.0,0.0,0.0,0.0
2018_G_A466.pdf-f42c5f5a-ee2d-4f66-84b0-d3e32153a4e5,DirectOnly,0.5,0.333333,0.5,0.25,0.5,0.5,1.0,1.0,1.0,1.0
2018_G_B203.pdf-cd92e332-dd42-40fe-9530-03ab83e77d3a,DirectOnly,0.6,0.333333,0.2,0.142857,0.562857,0.333333,0.4,0.6,0.8,1.0
2018_G_B334.pdf-9618d410-024a-4368-8c34-abb687df4146,DirectOnly,0.5,0.666667,1.0,0.666667,0.583333,0.5,1.0,1.0,1.0,1.0
2018_G_C008.pdf-3e10abb3-a9d0-4ecb-898d-01d2020ed451,DirectOnly,0.0,0.0,0.0,0.0,0.359524,0.25,0.333333,0.666667,0.666667,1.0
2018_G_D029.pdf-10d238b4-ee16-4891-9522-f7e895f2f545,DirectOnly,0.5,0.333333,0.5,0.25,0.5,0.5,1.0,1.0,1.0,1.0
2023_G_A092.pdf-5db87c85-f001-44bb-9cd1-933c32b9efdf,DirectOnly,0.5,0.333333,0.25,0.166667,0.576923,1.0,0.5,0.5,0.75,0.75
2023_G_A127.pdf-c7af97bb-63f5-4e7a-ae28-7f7b3d4f016c,DirectOnly,0.428571,0.666667,0.285714,0.25,0.60303,1.0,0.285714,0.428571,0.428571,0.428571
2023_G_A175.pdf-8d4a4c05-3206-497f-bcd2-34719146185f,DirectOnly,0.4,0.666667,0.4,0.333333,0.644444,1.0,0.4,0.4,0.6,0.6
2023_G_B226.pdf-138a457c-a3d1-4dec-a2b6-3b5dc1265cc7,DirectOnly,0.375,0.666667,0.25,0.222222,0.451191,1.0,0.25,0.25,0.375,0.375
2023_G_B311.pdf-4c40818a-19f0-4e8f-bea2-d2c28c9a7a93,DirectOnly,0.333333,0.333333,0.333333,0.2,0.377778,0.5,0.333333,0.333333,0.666667,0.666667
2023_G_C050.pdf-2049a35a-b3ce-49bb-a0db-827272b74086,DirectOnly,0.666667,0.666667,0.666667,0.5,0.555556,0.5,0.666667,0.666667,1.0,1.0
2023_G_C228.pdf-b2387ac6-a2c5-4f0e-a228-e82e75c63418,DirectOnly,0.0,0.0,0.0,0.0,0.2,0.2,0.0,1.0,1.0,1.0
2023_G_E032.pdf-a2ac9d24-a978-4750-bdfc-d48988ea3d38,DirectOnly,0.2,0.333333,0.2,0.142857,0.202056,0.5,0.2,0.2,0.2,0.2
2023_G_E176.pdf-6a7252f2-fcac-48bd-9de1-2adf091599c5,DirectOnly,0.0,0.0,0.0,0.0,0.197712,0.25,0.333333,0.333333,0.333333,0.333333
2016_G_A028.pdf-6e4c52f4-be1a-43fe-9a4f-f2f6fb479a0c,FullClusterAdd,0.0,0.0,0.0,0.0,0.128788,0.090909,0.0,0.0,0.0,0.0
2016_G_A194.pdf-b86a85b1-ff13-48a6-90bc-0afc1ed6de24,FullClusterAdd,0.5,0.333333,0.5,0.25,0.6,1.0,0.5,0.5,0.5,0.5
2016_G_A433.pdf-ace5f580-0291-4b74-8e8a-3e24514c4563,FullClusterAdd,0.333333,0.333333,0.333333,0.2,0.373016,0.5,0.333333,0.333333,0.333333,0.666667
2016_G_B022.pdf-45c1977b-4052-4367-8a33-85a423730b3d,FullClusterAdd,0.666667,0.666667,0.666667,0.5,0.916667,1.0,1.0,1.0,1.0,1.0
2016_G_B044.pdf-bb7acb2d-63cf-48d6-acf7-16e9e75ec953,FullClusterAdd,0.5,0.333333,0.5,0.25,0.666667,1.0,0.5,0.5,1.0,1.0
2016_G_B067.pdf-f6c8e02c-ac22-49cb-a2f4-6f0cb4726072,FullClusterAdd,0.666667,0.666667,0.666667,0.5,0.916667,1.0,1.0,1.0,1.0,1.0
2016_G_B294.pdf-efa735c1-180d-4ef2-b2e3-71ef259ee165,FullClusterAdd,0.333333,0.333333,0.333333,0.2,0.4,0.5,0.666667,0.666667,0.666667,0.666667
2017_G_A156.pdf-526d4bc0-c508-47e0-9181-6bcff011181f,FullClusterAdd,0.333333,0.333333,0.333333,0.2,0.433333,1.0,0.333333,0.333333,0.333333,0.333333
2017_G_B104.pdf-435f7107-40d7-45f1-8d90-183339b8efc2,FullClusterAdd,0.333333,0.333333,0.333333,0.2,0.528571,1.0,0.333333,0.333333,0.333333,0.666667
2017_G_B154.pdf-6b295a37-7f1d-4087-aa6b-498ebc227dfe,FullClusterAdd,0.333333,0.333333,0.333333,0.2,0.541667,1.0,0.666667,0.666667,0.666667,0.666667
2017_G_B248.pdf-ceeb3cc2-f05c-4906-833a-5eb02870f643,FullClusterAdd,0.333333,0.333333,0.333333,0.2,0.633333,1.0,0.333333,0.666667,1.0,1.0
2017_G_B315.pdf-11a42682-c012-4452-b69e-37bc3de34fc6,FullClusterAdd,0.333333,0.333333,0.333333,0.2,0.533333,0.5,0.666667,1.0,1.0,1.0
2017_G_B447.pdf-bba1d9f9-3235-4893-aeb8-689cd6ed9376,FullClusterAdd,0.5,0.666667,0.5,0.4,0.348694,0.5,0.5,0.5,0.5,0.5
2017_G_D002.pdf-34552dc9-fe7d-49e0-90b4-279a27481fa2,FullClusterAdd,0.0,0.333333,0.5,0.25,0.366667,0.333333,0.5,1.0,1.0,1.0
2017_G_D035.pdf-dd7e65e6-ee52-4f20-a6d6-e97d20729925,FullClusterAdd,1.0,0.333333,1.0,0.333333,1.0,1.0,1.0,1.0,1.0,1.0
2018_G_A229.pdf-b6d5ce70-0a39-4325-8406-1c887d9ce90c,FullClusterAdd,0.0,0.333333,1.0,0.333333,0.333333,0.333333,1.0,1.0,1.0,1.0
2018_G_A440.pdf-065775f5-ff13-48f5-b12d-623da439971f,FullClusterAdd,0.0,0.333333,1.0,0.333333,0.333333,0.333333,1.0,1.0,1.0,1.0
2018_G_A466.pdf-f42c5f5a-ee2d-4f66-84b0-d3e32153a4e5,FullClusterAdd,1.0,0.666667,1.0,0.666667,1.0,1.0,1.0,1.0,1.0,1.0
2018_G_B203.pdf-cd92e332-dd42-40fe-9530-03ab83e77d3a,FullClusterAdd,1.0,1.0,0.6,0.6,1.0,1.0,0.8,1.0,1.0,1.0
2018_G_B334.pdf-9618d410-024a-4368-8c34-abb687df4146,FullClusterAdd,0.5,0.333333,0.5,0.25,0.666667,1.0,0.5,0.5,1.0,1.0
2018_G_C008.pdf-3e10abb3-a9d0-4ecb-898d-01d2020ed451,FullClusterAdd,0.333333,0.333333,0.333333,0.2,0.633333,1.0,0.333333,0.666667,1.0,1.0
2018_G_D029.pdf-10d238b4-ee16-4891-9522-f7e895f2f545,FullClusterAdd,0.5,0.666667,1.0,0.666667,0.583333,0.5,1.0,1.0,1.0,1.0
2023_G_A092.pdf-5db87c85-f001-44bb-9cd1-933c32b9efdf,FullClusterAdd,0.5,0.333333,0.25,0.166667,0.636111,1.0,0.5,0.75,0.75,0.75
2023_G_A127.pdf-c7af97bb-63f5-4e7a-ae28-7f7b3d4f016c,FullClusterAdd,0.571429,0.666667,0.285714,0.25,0.583159,0.5,0.428571,0.428571,0.428571,0.571429
2023_G_A175.pdf-8d4a4c05-3206-497f-bcd2-34719146185f,FullClusterAdd,0.4,0.666667,0.4,0.333333,0.607937,1.0,0.4,0.4,0.4,0.6
2023_G_B226.pdf-138a457c-a3d1-4dec-a2b6-3b5dc1265cc7,FullClusterAdd,0.5,0.666667,0.25,0.222222,0.636561,1.0,0.375,0.375,0.375,0.375
2023_G_B311.pdf-4c40818a-19f0-4e8f-bea2-d2c28c9a7a93,FullClusterAdd,0.333333,0.333333,0.333333,0.2,0.490909,1.0,0.333333,0.333333,0.333333,0.333333
2023_G_C050.pdf-2049a35a-b3ce-49bb-a0db-827272b74086,FullClusterAdd,0.0,0.0,0.0,0.0,0.319444,0.25,0.333333,0.333333,0.666667,0.666667
2023_G_C228.pdf-b2387ac6-a2c5-4f0e-a228-e82e75c63418,FullClusterAdd,0.0,0.0,0.0,0.0,0.04,0.04,0.0,0.0,0.0,0.0
2023_G_E032.pdf-a2ac9d24-a978-4750-bdfc-d48988ea3d38,FullClusterAdd,0.0,0.0,0.0,0.0,0.100992,0.038462,0.0,0.0,0.0,0.0
2023_G_E176.pdf-6a7252f2-fcac-48bd-9de1-2adf091599c5,FullClusterAdd,0.333333,0.333333,0.333333,0.2,0.249249,0.5,0.333333,0.333333,0.333333,0.333333
2016_G_A028.pdf-6e4c52f4-be1a-43fe-9a4f-f2f6fb479a0c,LG-JSSF,0.0,0.0,0.0,0.0,0.128788,0.090909,0.0,0.0,0.0,0.0
2016_G_A194.pdf-b86a85b1-ff13-48a6-90bc-0afc1ed6de24,LG-JSSF,0.5,0.333333,0.5,0.25,0.6,1.0,0.5,0.5,0.5,0.5
2016_G_A433.pdf-ace5f580-0291-4b74-8e8a-3e24514c4563,LG-JSSF,0.333333,0.333333,0.333333,0.2,0.361905,0.5,0.333333,0.333333,0.333333,0.666667
2016_G_B022.pdf-45c1977b-4052-4367-8a33-85a423730b3d,LG-JSSF,0.666667,0.666667,0.666667,0.5,0.866667,1.0,0.666667,1.0,1.0,1.0
2016_G_B044.pdf-bb7acb2d-63cf-48d6-acf7-16e9e75ec953,LG-JSSF,0.5,0.333333,0.5,0.25,0.7,1.0,0.5,1.0,1.0,1.0
2016_G_B067.pdf-f6c8e02c-ac22-49cb-a2f4-6f0cb4726072,LG-JSSF,0.666667,0.666667,0.666667,0.5,0.866667,1.0,0.666667,1.0,1.0,1.0
2016_G_B294.pdf-efa735c1-180d-4ef2-b2e3-71ef259ee165,LG-JSSF,0.333333,0.333333,0.333333,0.2,0.466667,0.5,0.333333,0.666667,1.0,1.0
2017_G_A156.pdf-526d4bc0-c508-47e0-9181-6bcff011181f,LG-JSSF,0.333333,0.333333,0.333333,0.2,0.587302,1.0,0.333333,0.333333,0.666667,1.0
2017_G_B104.pdf-435f7107-40d7-45f1-8d90-183339b8efc2,LG-JSSF,0.333333,0.333333,0.333333,0.2,0.553571,1.0,0.333333,0.333333,0.333333,0.666667
2017_G_B154.pdf-6b295a37-7f1d-4087-aa6b-498ebc227dfe,LG-JSSF,0.333333,0.333333,0.333333,0.2,0.510145,1.0,0.333333,0.666667,0.666667,0.666667
2017_G_B248.pdf-ceeb3cc2-f05c-4906-833a-5eb02870f643,LG-JSSF,0.333333,0.333333,0.333333,0.2,0.388889,0.5,0.333333,0.333333,0.666667,0.666667
2017_G_B315.pdf-11a42682-c012-4452-b69e-37bc3de34fc6,LG-JSSF,0.333333,0.333333,0.333333,0.2,0.444444,0.5,0.666667,0.666667,0.666667,0.666667
2017_G_B447.pdf-bba1d9f9-3235-4893-aeb8-689cd6ed9376,LG-JSSF,0.5,0.666667,0.5,0.4,0.590909,1.0,0.5,0.5,0.5,0.5
2017_G_D002.pdf-34552dc9-fe7d-49e0-90b4-279a27481fa2,LG-JSSF,0.0,0.0,0.0,0.0,0.267857,0.25,0.5,0.5,0.5,1.0
2017_G_D035.pdf-dd7e65e6-ee52-4f20-a6d6-e97d20729925,LG-JSSF,1.0,0.333333,1.0,0.333333,1.0,1.0,1.0,1.0,1.0,1.0
2018_G_A229.pdf-b6d5ce70-0a39-4325-8406-1c887d9ce90c,LG-JSSF,0.0,0.333333,1.0,0.333333,0.5,0.5,1.0,1.0,1.0,1.0
2018_G_A440.pdf-065775f5-ff13-48f5-b12d-623da439971f,LG-JSSF,0.0,0.333333,1.0,0.333333,0.333333,0.333333,1.0,1.0,1.0,1.0
2018_G_A466.pdf-f42c5f5a-ee2d-4f66-84b0-d3e32153a4e5,LG-JSSF,1.0,0.666667,1.0,0.666667,1.0,1.0,1.0,1.0,1.0,1.0
2018_G_B203.pdf-cd92e332-dd42-40fe-9530-03ab83e77d3a,LG-JSSF,1.0,1.0,0.6,0.6,1.0,1.0,0.8,1.0,1.0,1.0
2018_G_B334.pdf-9618d410-024a-4368-8c34-abb687df4146,LG-JSSF,0.5,0.333333,0.5,0.25,0.75,1.0,1.0,1.0,1.0,1.0
2018_G_C008.pdf-3e10abb3-a9d0-4ecb-898d-01d2020ed451,LG-JSSF,0.333333,0.333333,0.333333,0.2,0.633333,1.0,0.333333,0.666667,1.0,1.0
2018_G_D029.pdf-10d238b4-ee16-4891-9522-f7e895f2f545,LG-JSSF,0.5,0.666667,1.0,0.666667,0.583333,0.5,1.0,1.0,1.0,1.0
2023_G_A092.pdf-5db87c85-f001-44bb-9cd1-933c32b9efdf,LG-JSSF,0.5,0.333333,0.25,0.166667,0.625,1.0,0.5,0.75,0.75,0.75
2023_G_A127.pdf-c7af97bb-63f5-4e7a-ae28-7f7b3d4f016c,LG-JSSF,0.428571,0.666667,0.285714,0.25,0.509242,0.5,0.285714,0.428571,0.428571,0.428571
2023_G_A175.pdf-8d4a4c05-3206-497f-bcd2-34719146185f,LG-JSSF,0.4,0.666667,0.4,0.333333,0.607937,1.0,0.4,0.4,0.4,0.6
2023_G_B226.pdf-138a457c-a3d1-4dec-a2b6-3b5dc1265cc7,LG-JSSF,0.5,0.666667,0.25,0.222222,0.688695,1.0,0.375,0.5,0.5,0.5
2023_G_B311.pdf-4c40818a-19f0-4e8f-bea2-d2c28c9a7a93,LG-JSSF,0.333333,0.333333,0.333333,0.2,0.519481,1.0,0.333333,0.333333,0.333333,0.666667
2023_G_C050.pdf-2049a35a-b3ce-49bb-a0db-827272b74086,LG-JSSF,0.0,0.0,0.0,0.0,0.337302,0.25,0.333333,0.333333,0.666667,1.0
2023_G_C228.pdf-b2387ac6-a2c5-4f0e-a228-e82e75c63418,LG-JSSF,0.0,0.0,0.0,0.0,0.055556,0.055556,0.0,0.0,0.0,0.0
2023_G_E032.pdf-a2ac9d24-a978-4750-bdfc-d48988ea3d38,LG-JSSF,0.0,0.0,0.0,0.0,0.119279,0.1,0.0,0.0,0.0,0.0
2023_G_E176.pdf-6a7252f2-fcac-48bd-9de1-2adf091599c5,LG-JSSF,0.333333,0.333333,0.333333,0.2,0.232198,0.5,0.333333,0.333333,0.333333,0.333333
2016_G_A028.pdf-6e4c52f4-be1a-43fe-9a4f-f2f6fb479a0c,LG-JSSF+ClusterAdd,0.0,0.0,0.0,0.0,0.128788,0.090909,0.0,0.0,0.0,0.0
2016_G_A194.pdf-b86a85b1-ff13-48a6-90bc-0afc1ed6de24,LG-JSSF+ClusterAdd,0.5,0.333333,0.5,0.25,0.6,1.0,0.5,0.5,0.5,0.5
2016_G_A433.pdf-ace5f580-0291-4b74-8e8a-3e24514c4563,LG-JSSF+ClusterAdd,0.333333,0.333333,0.333333,0.2,0.373016,0.5,0.333333,0.333333,0.333333,0.666667
2016_G_B022.pdf-45c1977b-4052-4367-8a33-85a423730b3d,LG-JSSF+ClusterAdd,0.666667,0.666667,0.666667,0.5,0.916667,1.0,1.0,1.0,1.0,1.0
2016_G_B044.pdf-bb7acb2d-63cf-48d6-acf7-16e9e75ec953,LG-JSSF+ClusterAdd,0.5,0.333333,0.5,0.25,0.666667,1.0,0.5,0.5,1.0,1.0
2016_G_B067.pdf-f6c8e02c-ac22-49cb-a2f4-6f0cb4726072,LG-JSSF+ClusterAdd,0.666667,0.666667,0.666667,0.5,0.916667,1.0,1.0,1.0,1.0,1.0
2016_G_B294.pdf-efa735c1-180d-4ef2-b2e3-71ef259ee165,LG-JSSF+ClusterAdd,0.333333,0.333333,0.333333,0.2,0.4,0.5,0.666667,0.666667,0.666667,0.666667
2017_G_A156.pdf-526d4bc0-c508-47e0-9181-6bcff011181f,LG-JSSF+ClusterAdd,0.333333,0.333333,0.333333,0.2,0.433333,1.0,0.333333,0.333333,0.333333,0.333333
2017_G_B104.pdf-435f7107-40d7-45f1-8d90-183339b8efc2,LG-JSSF+ClusterAdd,0.333333,0.333333,0.333333,0.2,0.528571,1.0,0.333333,0.333333,0.333333,0.666667
2017_G_B154.pdf-6b295a37-7f1d-4087-aa6b-498ebc227dfe,LG-JSSF+ClusterAdd,0.333333,0.333333,0.333333,0.2,0.541667,1.0,0.666667,0.666667,0.666667,0.666667
2017_G_B248.pdf-ceeb3cc2-f05c-4906-833a-5eb02870f643,LG-JSSF+ClusterAdd,0.333333,0.333333,0.333333,0.2,0.633333,1.0,0.333333,0.666667,1.0,1.0
2017_G_B315.pdf-11a42682-c012-4452-b69e-37bc3de34fc6,LG-JSSF+ClusterAdd,0.333333,0.333333,0.333333,0.2,0.533333,0.5,0.666667,1.0,1.0,1.0
2017_G_B447.pdf-bba1d9f9-3235-4893-aeb8-689cd6ed9376,LG-JSSF+ClusterAdd,0.5,0.666667,0.5,0.4,0.348694,0.5,0.5,0.5,0.5,0.5
2017_G_D002.pdf-34552dc9-fe7d-49e0-90b4-279a27481fa2,LG-JSSF+ClusterAdd,0.0,0.333333,0.5,0.25,0.366667,0.333333,0.5,1.0,1.0,1.0
2017_G_D035.pdf-dd7e65e6-ee52-4f20-a6d6-e97d20729925,LG-JSSF+ClusterAdd,1.0,0.333333,1.0,0.333333,1.0,1.0,1.0,1.0,1.0,1.0
2018_G_A229.pdf-b6d5ce70-0a39-4325-8406-1c887d9ce90c,LG-JSSF+ClusterAdd,0.0,0.333333,1.0,0.333333,0.333333,0.333333,1.0,1.0,1.0,1.0
2018_G_A440.pdf-065775f5-ff13-48f5-b12d-623da439971f,LG-JSSF+ClusterAdd,0.0,0.333333,1.0,0.333333,0.333333,0.333333,1.0,1.0,1.0,1.0
2018_G_A466.pdf-f42c5f5a-ee2d-4f66-84b0-d3e32153a4e5,LG-JSSF+ClusterAdd,1.0,0.666667,1.0,0.666667,1.0,1.0,1.0,1.0,1.0,1.0
2018_G_B203.pdf-cd92e332-dd42-40fe-9530-03ab83e77d3a,LG-JSSF+ClusterAdd,1.0,1.0,0.6,0.6,1.0,1.0,0.8,1.0,1.0,1.0
2018_G_B334.pdf-9618d410-024a-4368-8c34-abb687df4146,LG-JSSF+ClusterAdd,0.5,0.333333,0.5,0.25,0.666667,1.0,0.5,0.5,1.0,1.0
2018_G_C008.pdf-3e10abb3-a9d0-4ecb-898d-01d2020ed451,LG-JSSF+ClusterAdd,0.333333,0.333333,0.333333,0.2,0.633333,1.0,0.333333,0.666667,1.0,1.0
2018_G_D029.pdf-10d238b4-ee16-4891-9522-f7e895f2f545,LG-JSSF+ClusterAdd,0.5,0.666667,1.0,0.666667,0.583333,0.5,1.0,1.0,1.0,1.0
2023_G_A092.pdf-5db87c85-f001-44bb-9cd1-933c32b9efdf,LG-JSSF+ClusterAdd,0.5,0.333333,0.25,0.166667,0.636111,1.0,0.5,0.75,0.75,0.75
2023_G_A127.pdf-c7af97bb-63f5-4e7a-ae28-7f7b3d4f016c,LG-JSSF+ClusterAdd,0.571429,0.666667,0.285714,0.25,0.583159,0.5,0.428571,0.428571,0.428571,0.571429
2023_G_A175.pdf-8d4a4c05-3206-497f-bcd2-34719146185f,LG-JSSF+ClusterAdd,0.4,0.666667,0.4,0.333333,0.607937,1.0,0.4,0.4,0.4,0.6
2023_G_B226.pdf-138a457c-a3d1-4dec-a2b6-3b5dc1265cc7,LG-JSSF+ClusterAdd,0.5,0.666667,0.25,0.222222,0.636561,1.0,0.375,0.375,0.375,0.375
2023_G_B311.pdf-4c40818a-19f0-4e8f-bea2-d2c28c9a7a93,LG-JSSF+ClusterAdd,0.333333,0.333333,0.333333,0.2,0.490909,1.0,0.333333,0.333333,0.333333,0.333333
2023_G_C050.pdf-2049a35a-b3ce-49bb-a0db-827272b74086,LG-JSSF+ClusterAdd,0.0,0.0,0.0,0.0,0.319444,0.25,0.333333,0.333333,0.666667,0.666667
2023_G_C228.pdf-b2387ac6-a2c5-4f0e-a228-e82e75c63418,LG-JSSF+ClusterAdd,0.0,0.0,0.0,0.0,0.04,0.04,0.0,0.0,0.0,0.0
2023_G_E032.pdf-a2ac9d24-a978-4750-bdfc-d48988ea3d38,LG-JSSF+ClusterAdd,0.0,0.0,0.0,0.0,0.100992,0.038462,0.0,0.0,0.0,0.0
2023_G_E176.pdf-6a7252f2-fcac-48bd-9de1-2adf091599c5,LG-JSSF+ClusterAdd,0.333333,0.333333,0.333333,0.2,0.249249,0.5,0.333333,0.333333,0.333333,0.333333
2016_G_A028.pdf-6e4c52f4-be1a-43fe-9a4f-f2f6fb479a0c,w/o ClusterPrior (Add),0.0,0.0,0.0,0.0,0.128788,0.090909,0.0,0.0,0.0,0.0
2016_G_A194.pdf-b86a85b1-ff13-48a6-90bc-0afc1ed6de24,w/o ClusterPrior (Add),0.5,0.333333,0.5,0.25,0.6,1.0,0.5,0.5,0.5,0.5
2016_G_A433.pdf-ace5f580-0291-4b74-8e8a-3e24514c4563,w/o ClusterPrior (Add),0.333333,0.333333,0.333333,0.2,0.361905,0.5,0.333333,0.333333,0.333333,0.666667
2016_G_B022.pdf-45c1977b-4052-4367-8a33-85a423730b3d,w/o ClusterPrior (Add),0.666667,0.666667,0.666667,0.5,0.866667,1.0,0.666667,1.0,1.0,1.0
2016_G_B044.pdf-bb7acb2d-63cf-48d6-acf7-16e9e75ec953,w/o ClusterPrior (Add),0.5,0.333333,0.5,0.25,0.7,1.0,0.5,1.0,1.0,1.0
2016_G_B067.pdf-f6c8e02c-ac22-49cb-a2f4-6f0cb4726072,w/o ClusterPrior (Add),0.666667,0.666667,0.666667,0.5,0.866667,1.0,0.666667,1.0,1.0,1.0
2016_G_B294.pdf-efa735c1-180d-4ef2-b2e3-71ef259ee165,w/o ClusterPrior (Add),0.333333,0.333333,0.333333,0.2,0.466667,0.5,0.333333,0.666667,1.0,1.0
2017_G_A156.pdf-526d4bc0-c508-47e0-9181-6bcff011181f,w/o ClusterPrior (Add),0.333333,0.333333,0.333333,0.2,0.587302,1.0,0.333333,0.333333,0.666667,1.0
2017_G_B104.pdf-435f7107-40d7-45f1-8d90-183339b8efc2,w/o ClusterPrior (Add),0.333333,0.333333,0.333333,0.2,0.553571,1.0,0.333333,0.333333,0.333333,0.666667
2017_G_B154.pdf-6b295a37-7f1d-4087-aa6b-498ebc227dfe,w/o ClusterPrior (Add),0.333333,0.333333,0.333333,0.2,0.510145,1.0,0.333333,0.666667,0.666667,0.666667
2017_G_B248.pdf-ceeb3cc2-f05c-4906-833a-5eb02870f643,w/o ClusterPrior (Add),0.333333,0.333333,0.333333,0.2,0.388889,0.5,0.333333,0.333333,0.666667,0.666667
2017_G_B315.pdf-11a42682-c012-4452-b69e-37bc3de34fc6,w/o ClusterPrior (Add),0.333333,0.333333,0.333333,0.2,0.444444,0.5,0.666667,0.666667,0.666667,0.666667
2017_G_B447.pdf-bba1d9f9-3235-4893-aeb8-689cd6ed9376,w/o ClusterPrior (Add),0.5,0.666667,0.5,0.4,0.590909,1.0,0.5,0.5,0.5,0.5
2017_G_D002.pdf-34552dc9-fe7d-49e0-90b4-279a27481fa2,w/o ClusterPrior (Add),0.0,0.0,0.0,0.0,0.267857,0.25,0.5,0.5,0.5,1.0
2017_G_D035.pdf-dd7e65e6-ee52-4f20-a6d6-e97d20729925,w/o ClusterPrior (Add),1.0,0.333333,1.0,0.333333,1.0,1.0,1.0,1.0,1.0,1.0
2018_G_A229.pdf-b6d5ce70-0a39-4325-8406-1c887d9ce90c,w/o ClusterPrior (Add),0.0,0.333333,1.0,0.333333,0.5,0.5,1.0,1.0,1.0,1.0
2018_G_A440.pdf-065775f5-ff13-48f5-b12d-623da439971f,w/o ClusterPrior (Add),0.0,0.333333,1.0,0.333333,0.333333,0.333333,1.0,1.0,1.0,1.0
2018_G_A466.pdf-f42c5f5a-ee2d-4f66-84b0-d3e32153a4e5,w/o ClusterPrior (Add),1.0,0.666667,1.0,0.666667,1.0,1.0,1.0,1.0,1.0,1.0
2018_G_B203.pdf-cd92e332-dd42-40fe-9530-03ab83e77d3a,w/o ClusterPrior (Add),1.0,1.0,0.6,0.6,1.0,1.0,0.8,1.0,1.0,1.0
2018_G_B334.pdf-9618d410-024a-4368-8c34-abb687df4146,w/o ClusterPrior (Add),0.5,0.333333,0.5,0.25,0.75,1.0,1.0,1.0,1.0,1.0
2018_G_C008.pdf-3e10abb3-a9d0-4ecb-898d-01d2020ed451,w/o ClusterPrior (Add),0.333333,0.333333,0.333333,0.2,0.633333,1.0,0.333333,0.666667,1.0,1.0
2018_G_D029.pdf-10d238b4-ee16-4891-9522-f7e895f2f545,w/o ClusterPrior (Add),0.5,0.666667,1.0,0.666667,0.583333,0.5,1.0,1.0,1.0,1.0
2023_G_A092.pdf-5db87c85-f001-44bb-9cd1-933c32b9efdf,w/o ClusterPrior (Add),0.5,0.333333,0.25,0.166667,0.625,1.0,0.5,0.75,0.75,0.75
2023_G_A127.pdf-c7af97bb-63f5-4e7a-ae28-7f7b3d4f016c,w/o ClusterPrior (Add),0.428571,0.666667,0.285714,0.25,0.509242,0.5,0.285714,0.428571,0.428571,0.428571
2023_G_A175.pdf-8d4a4c05-3206-497f-bcd2-34719146185f,w/o ClusterPrior (Add),0.4,0.666667,0.4,0.333333,0.607937,1.0,0.4,0.4,0.4,0.6
2023_G_B226.pdf-138a457c-a3d1-4dec-a2b6-3b5dc1265cc7,w/o ClusterPrior (Add),0.5,0.666667,0.25,0.222222,0.688695,1.0,0.375,0.5,0.5,0.5
2023_G_B311.pdf-4c40818a-19f0-4e8f-bea2-d2c28c9a7a93,w/o ClusterPrior (Add),0.333333,0.333333,0.333333,0.2,0.519481,1.0,0.333333,0.333333,0.333333,0.666667
2023_G_C050.pdf-2049a35a-b3ce-49bb-a0db-827272b74086,w/o ClusterPrior (Add),0.0,0.0,0.0,0.0,0.337302,0.25,0.333333,0.333333,0.666667,1.0
2023_G_C228.pdf-b2387ac6-a2c5-4f0e-a228-e82e75c63418,w/o ClusterPrior (Add),0.0,0.0,0.0,0.0,0.055556,0.055556,0.0,0.0,0.0,0.0
2023_G_E032.pdf-a2ac9d24-a978-4750-bdfc-d48988ea3d38,w/o ClusterPrior (Add),0.0,0.0,0.0,0.0,0.119279,0.1,0.0,0.0,0.0,0.0
2023_G_E176.pdf-6a7252f2-fcac-48bd-9de1-2adf091599c5,w/o ClusterPrior (Add),0.333333,0.333333,0.333333,0.2,0.232198,0.5,0.333333,0.333333,0.333333,0.333333
2016_G_A028.pdf-6e4c52f4-be1a-43fe-9a4f-f2f6fb479a0c,w/o LocalWindow (Add),0.5,0.333333,0.5,0.25,0.642857,1.0,0.5,0.5,0.5,1.0
2016_G_A194.pdf-b86a85b1-ff13-48a6-90bc-0afc1ed6de24,w/o LocalWindow (Add),0.0,0.333333,0.5,0.25,0.277778,0.333333,0.5,0.5,0.5,0.5
2016_G_A433.pdf-ace5f580-0291-4b74-8e8a-3e24514c4563,w/o LocalWindow (Add),0.0,0.0,0.0,0.0,0.341667,0.25,0.333333,0.666667,0.666667,0.666667
2016_G_B022.pdf-45c1977b-4052-4367-8a33-85a423730b3d,w/o LocalWindow (Add),0.666667,0.666667,0.666667,0.5,0.805556,1.0,1.0,1.0,1.0,1.0
2016_G_B044.pdf-bb7acb2d-63cf-48d6-acf7-16e9e75ec953,w/o LocalWindow (Add),0.5,0.333333,0.5,0.25,0.590909,1.0,0.5,0.5,0.5,0.5
2016_G_B067.pdf-f6c8e02c-ac22-49cb-a2f4-6f0cb4726072,w/o LocalWindow (Add),0.666667,0.666667,0.666667,0.5,0.809524,1.0,0.666667,0.666667,0.666667,1.0
2016_G_B294.pdf-efa735c1-180d-4ef2-b2e3-71ef259ee165,w/o LocalWindow (Add),0.0,0.0,0.0,0.0,0.178241,0.125,0.0,0.0,0.0,0.0
2017_G_A156.pdf-526d4bc0-c508-47e0-9181-6bcff011181f,w/o LocalWindow (Add),0.333333,0.333333,0.333333,0.2,0.440278,1.0,0.333333,0.333333,0.333333,0.333333
2017_G_B104.pdf-435f7107-40d7-45f1-8d90-183339b8efc2,w/o LocalWindow (Add),0.333333,0.333333,0.333333,0.2,0.285185,0.333333,0.333333,0.333333,0.333333,0.333333
2017_G_B154.pdf-6b295a37-7f1d-4087-aa6b-498ebc227dfe,w/o LocalWindow (Add),0.333333,0.333333,0.333333,0.2,0.181763,0.333333,0.333333,0.333333,0.333333,0.333333
2017_G_B248.pdf-ceeb3cc2-f05c-4906-833a-5eb02870f643,w/o LocalWindow (Add),0.666667,0.666667,0.666667,0.5,0.791667,1.0,0.666667,0.666667,0.666667,0.666667
2017_G_B315.pdf-11a42682-c012-4452-b69e-37bc3de34fc6,w/o LocalWindow (Add),0.666667,0.666667,0.666667,0.5,0.805556,1.0,1.0,1.0,1.0,1.0
2017_G_B447.pdf-bba1d9f9-3235-4893-aeb8-689cd6ed9376,w/o LocalWindow (Add),0.25,0.333333,0.25,0.166667,0.142492,0.333333,0.25,0.25,0.25,0.25
2017_G_D002.pdf-34552dc9-fe7d-49e0-90b4-279a27481fa2,w/o LocalWindow (Add),1.0,0.666667,1.0,0.666667,1.0,1.0,1.0,1.0,1.0,1.0
2017_G_D035.pdf-dd7e65e6-ee52-4f20-a6d6-e97d20729925,w/o LocalWindow (Add),0.0,0.0,0.0,0.0,0.2,0.2,0.0,1.0,1.0,1.0
2018_G_A229.pdf-b6d5ce70-0a39-4325-8406-1c887d9ce90c,w/o LocalWindow (Add),0.0,0.0,0.0,0.0,0.2,0.2,0.0,1.0,1.0,1.0
2018_G_A440.pdf-065775f5-ff13-48f5-b12d-623da439971f,w/o LocalWindow (Add),0.0,0.0,0.0,0.0,0.142857,0.142857,0.0,0.0,0.0,1.0
2018_G_A466.pdf-f42c5f5a-ee2d-4f66-84b0-d3e32153a4e5,w/o LocalWindow (Add),0.0,0.0,0.0,0.0,0.236111,0.25,0.5,0.5,0.5,0.5
2018_G_B203.pdf-cd92e332-dd42-40fe-9530-03ab83e77d3a,w/o LocalWindow (Add),0.6,0.333333,0.2,0.142857,0.69619,1.0,0.4,0.6,0.8,1.0
2018_G_B334.pdf-9618d410-024a-4368-8c34-abb687df4146,w/o LocalWindow (Add),0.0,0.0,0.0,0.0,0.291667,0.25,0.5,0.5,1.0,1.0
2018_G_C008.pdf-3e10abb3-a9d0-4ecb-898d-01d2020ed451,w/o LocalWindow (Add),0.0,0.0,0.0,0.0,0.383333,0.25,0.333333,0.666667,1.0,1.0
2018_G_D029.pdf-10d238b4-ee16-4891-9522-f7e895f2f545,w/o LocalWindow (Add),1.0,0.666667,1.0,0.666667,1.0,1.0,1.0,1.0,1.0,1.0
2023_G_A092.pdf-5db87c85-f001-44bb-9cd1-933c32b9efdf,w/o LocalWindow (Add),0.5,0.333333,0.25,0.166667,0.625,1.0,0.5,0.75,0.75,0.75
2023_G_A127.pdf-c7af97bb-63f5-4e7a-ae28-7f7b3d4f016c,w/o LocalWindow (Add),0.571429,0.333333,0.142857,0.111111,0.514286,0.333333,0.285714,0.428571,0.571429,0.571429
2023_G_A175.pdf-8d4a4c05-3206-497f-bcd2-34719146185f,w/o LocalWindow (Add),0.8,1.0,0.6,0.6,0.925,1.0,0.8,0.8,0.8,0.8
2023_G_B226.pdf-138a457c-a3d1-4dec-a2b6-3b5dc1265cc7,w/o LocalWindow (Add),0.25,0.666667,0.25,0.222222,0.449896,1.0,0.25,0.25,0.25,0.25
2023_G_B311.pdf-4c40818a-19f0-4e8f-bea2-d2c28c9a7a93,w/o LocalWindow (Add),0.0,0.0,0.0,0.0,0.230952,0.142857,0.0,0.0,0.0,0.333333
2023_G_C050.pdf-2049a35a-b3ce-49bb-a0db-827272b74086,w/o LocalWindow (Add),0.333333,0.333333,0.333333,0.2,0.428105,1.0,0.333333,0.333333,0.333333,0.333333
2023_G_C228.pdf-b2387ac6-a2c5-4f0e-a228-e82e75c63418,w/o LocalWindow (Add),0.0,0.0,0.0,0.0,0.047619,0.047619,0.0,0.0,0.0,0.0
2023_G_E032.pdf-a2ac9d24-a978-4750-bdfc-d48988ea3d38,w/o LocalWindow (Add),0.0,0.0,0.0,0.0,0.104603,0.047619,0.0,0.0,0.0,0.0
2023_G_E176.pdf-6a7252f2-fcac-48bd-9de1-2adf091599c5,w/o LocalWindow (Add),0.0,0.0,0.0,0.0,0.061035,0.041667,0.0,0.0,0.0,0.0
2016_G_A028.pdf-6e4c52f4-be1a-43fe-9a4f-f2f6fb479a0c,w/o P_layout (Add),0.0,0.0,0.0,0.0,0.122378,0.090909,0.0,0.0,0.0,0.0
2016_G_A194.pdf-b86a85b1-ff13-48a6-90bc-0afc1ed6de24,w/o P_layout (Add),0.0,0.0,0.0,0.0,0.154762,0.142857,0.0,0.0,0.0,0.5
2016_G_A433.pdf-ace5f580-0291-4b74-8e8a-3e24514c4563,w/o P_layout (Add),0.333333,0.333333,0.333333,0.2,0.376923,0.5,0.333333,0.666667,0.666667,0.666667
2016_G_B022.pdf-45c1977b-4052-4367-8a33-85a423730b3d,w/o P_layout (Add),0.666667,0.666667,0.666667,0.5,0.916667,1.0,1.0,1.0,1.0,1.0
2016_G_B044.pdf-bb7acb2d-63cf-48d6-acf7-16e9e75ec953,w/o P_layout (Add),0.5,0.333333,0.5,0.25,0.625,1.0,0.5,0.5,0.5,0.5
2016_G_B067.pdf-f6c8e02c-ac22-49cb-a2f4-6f0cb4726072,w/o P_layout (Add),0.666667,0.666667,0.666667,0.5,0.738095,1.0,0.666667,0.666667,0.666667,0.666667
2016_G_B294.pdf-efa735c1-180d-4ef2-b2e3-71ef259ee165,w/o P_layout (Add),0.0,0.0,0.0,0.0,0.216667,0.2,0.0,0.333333,0.333333,0.333333
2017_G_A156.pdf-526d4bc0-c508-47e0-9181-6bcff011181f,w/o P_layout (Add),0.333333,0.333333,0.333333,0.2,0.442857,0.5,0.333333,0.666667,0.666667,1.0
2017_G_B104.pdf-435f7107-40d7-45f1-8d90-183339b8efc2,w/o P_layout (Add),0.0,0.0,0.0,0.0,0.277778,0.2,0.0,0.333333,0.666667,0.666667
2017_G_B154.pdf-6b295a37-7f1d-4087-aa6b-498ebc227dfe,w/o P_layout (Add),0.333333,0.333333,0.333333,0.2,0.275,0.5,0.333333,0.333333,0.333333,0.333333
2017_G_B248.pdf-ceeb3cc2-f05c-4906-833a-5eb02870f643,w/o P_layout (Add),0.0,0.0,0.0,0.0,0.303571,0.25,0.333333,0.333333,0.333333,0.666667
2017_G_B315.pdf-11a42682-c012-4452-b69e-37bc3de34fc6,w/o P_layout (Add),0.666667,0.666667,0.666667,0.5,0.5,0.5,0.666667,0.666667,0.666667,0.666667
2017_G_B447.pdf-bba1d9f9-3235-4893-aeb8-689cd6ed9376,w/o P_layout (Add),0.25,0.333333,0.25,0.166667,0.379458,1.0,0.25,0.25,0.25,0.25
2017_G_D002.pdf-34552dc9-fe7d-49e0-90b4-279a27481fa2,w/o P_layout (Add),0.5,0.333333,0.5,0.25,0.666667,1.0,0.5,0.5,1.0,1.0
2017_G_D035.pdf-dd7e65e6-ee52-4f20-a6d6-e97d20729925,w/o P_layout (Add),0.0,0.333333,1.0,0.333333,0.5,0.5,1.0,1.0,1.0,1.0
2018_G_A229.pdf-b6d5ce70-0a39-4325-8406-1c887d9ce90c,w/o P_layout (Add),0.0,0.333333,1.0,0.333333,0.5,0.5,1.0,1.0,1.0,1.0
2018_G_A440.pdf-065775f5-ff13-48f5-b12d-623da439971f,w/o P_layout (Add),0.0,0.0,0.0,0.0,0.166667,0.166667,0.0,0.0,1.0,1.0
2018_G_A466.pdf-f42c5f5a-ee2d-4f66-84b0-d3e32153a4e5,w/o P_layout (Add),0.0,0.333333,0.5,0.25,0.366667,0.333333,0.5,1.0,1.0,1.0
2018_G_B203.pdf-cd92e332-dd42-40fe-9530-03ab83e77d3a,w/o P_layout (Add),1.0,1.0,0.6,0.6,1.0,1.0,0.8,1.0,1.0,1.0
2018_G_B334.pdf-9618d410-024a-4368-8c34-abb687df4146,w/o P_layout (Add),0.0,0.0,0.0,0.0,0.291667,0.25,0.5,0.5,1.0,1.0
2018_G_C008.pdf-3e10abb3-a9d0-4ecb-898d-01d2020ed451,w/o P_layout (Add),0.333333,0.333333,0.333333,0.2,0.420635,0.333333,0.666667,0.666667,0.666667,1.0
2018_G_D029.pdf-10d238b4-ee16-4891-9522-f7e895f2f545,w/o P_layout (Add),1.0,0.666667,1.0,0.666667,1.0,1.0,1.0,1.0,1.0,1.0
2023_G_A092.pdf-5db87c85-f001-44bb-9cd1-933c32b9efdf,w/o P_layout (Add),0.75,1.0,0.75,0.75,0.85,1.0,0.75,0.75,0.75,0.75
2023_G_A127.pdf-c7af97bb-63f5-4e7a-ae28-7f7b3d4f016c,w/o P_layout (Add),0.285714,0.666667,0.285714,0.25,0.578268,1.0,0.285714,0.285714,0.285714,0.285714
2023_G_A175.pdf-8d4a4c05-3206-497f-bcd2-34719146185f,w/o P_layout (Add),0.4,0.666667,0.4,0.333333,0.663889,1.0,0.4,0.4,0.4,0.4
2023_G_B226.pdf-138a457c-a3d1-4dec-a2b6-3b5dc1265cc7,w/o P_layout (Add),0.375,0.333333,0.125,0.1,0.467008,1.0,0.125,0.125,0.25,0.375
2023_G_B311.pdf-4c40818a-19f0-4e8f-bea2-d2c28c9a7a93,w/o P_layout (Add),0.0,0.0,0.0,0.0,0.221861,0.142857,0.0,0.0,0.0,0.333333
2023_G_C050.pdf-2049a35a-b3ce-49bb-a0db-827272b74086,w/o P_layout (Add),0.333333,0.333333,0.333333,0.2,0.361111,0.5,0.333333,0.333333,0.333333,0.333333
2023_G_C228.pdf-b2387ac6-a2c5-4f0e-a228-e82e75c63418,w/o P_layout (Add),0.0,0.0,0.0,0.0,0.0625,0.0625,0.0,0.0,0.0,0.0
2023_G_E032.pdf-a2ac9d24-a978-4750-bdfc-d48988ea3d38,w/o P_layout (Add),0.0,0.0,0.0,0.0,0.101868,0.052632,0.0,0.0,0.0,0.0
2023_G_E176.pdf-6a7252f2-fcac-48bd-9de1-2adf091599c5,w/o P_layout (Add),0.0,0.0,0.0,0.0,0.079408,0.1,0.0,0.0,0.0,0.0
2016_G_A028.pdf-6e4c52f4-be1a-43fe-9a4f-f2f6fb479a0c,w/o P_type (Add),0.0,0.0,0.0,0.0,0.116883,0.090909,0.0,0.0,0.0,0.0
2016_G_A194.pdf-b86a85b1-ff13-48a6-90bc-0afc1ed6de24,w/o P_type (Add),0.5,0.333333,0.5,0.25,0.583333,1.0,0.5,0.5,0.5,0.5
2016_G_A433.pdf-ace5f580-0291-4b74-8e8a-3e24514c4563,w/o P_type (Add),0.333333,0.333333,0.333333,0.2,0.373016,0.5,0.333333,0.333333,0.333333,0.666667
2016_G_B022.pdf-45c1977b-4052-4367-8a33-85a423730b3d,w/o P_type (Add),1.0,1.0,1.0,1.0,1.0,1.0,1.0,1.0,1.0,1.0
2016_G_B044.pdf-bb7acb2d-63cf-48d6-acf7-16e9e75ec953,w/o P_type (Add),0.5,0.333333,0.5,0.25,0.666667,1.0,0.5,0.5,1.0,1.0
2016_G_B067.pdf-f6c8e02c-ac22-49cb-a2f4-6f0cb4726072,w/o P_type (Add),0.666667,0.666667,0.666667,0.5,0.916667,1.0,1.0,1.0,1.0,1.0
2016_G_B294.pdf-efa735c1-180d-4ef2-b2e3-71ef259ee165,w/o P_type (Add),0.333333,0.333333,0.333333,0.2,0.566667,1.0,0.666667,0.666667,0.666667,0.666667
2017_G_A156.pdf-526d4bc0-c508-47e0-9181-6bcff011181f,w/o P_type (Add),0.333333,0.333333,0.333333,0.2,0.433333,1.0,0.333333,0.333333,0.333333,0.333333
2017_G_B104.pdf-435f7107-40d7-45f1-8d90-183339b8efc2,w/o P_type (Add),0.333333,0.333333,0.333333,0.2,0.528571,1.0,0.333333,0.333333,0.333333,0.666667
2017_G_B154.pdf-6b295a37-7f1d-4087-aa6b-498ebc227dfe,w/o P_type (Add),0.333333,0.333333,0.333333,0.2,0.541667,1.0,0.666667,0.666667,0.666667,0.666667
2017_G_B248.pdf-ceeb3cc2-f05c-4906-833a-5eb02870f643,w/o P_type (Add),0.333333,0.333333,0.333333,0.2,0.322222,0.333333,0.333333,0.333333,0.666667,0.666667
2017_G_B315.pdf-11a42682-c012-4452-b69e-37bc3de34fc6,w/o P_type (Add),0.333333,0.333333,0.333333,0.2,0.533333,0.5,0.666667,1.0,1.0,1.0
2017_G_B447.pdf-bba1d9f9-3235-4893-aeb8-689cd6ed9376,w/o P_type (Add),0.25,0.333333,0.25,0.166667,0.367305,1.0,0.25,0.25,0.25,0.25
2017_G_D002.pdf-34552dc9-fe7d-49e0-90b4-279a27481fa2,w/o P_type (Add),0.0,0.333333,0.5,0.25,0.366667,0.333333,0.5,1.0,1.0,1.0
2017_G_D035.pdf-dd7e65e6-ee52-4f20-a6d6-e97d20729925,w/o P_type (Add),1.0,0.333333,1.0,0.333333,1.0,1.0,1.0,1.0,1.0,1.0
2018_G_A229.pdf-b6d5ce70-0a39-4325-8406-1c887d9ce90c,w/o P_type (Add),0.0,0.333333,1.0,0.333333,0.333333,0.333333,1.0,1.0,1.0,1.0
2018_G_A440.pdf-065775f5-ff13-48f5-b12d-623da439971f,w/o P_type (Add),0.0,0.333333,1.0,0.333333,0.333333,0.333333,1.0,1.0,1.0,1.0
2018_G_A466.pdf-f42c5f5a-ee2d-4f66-84b0-d3e32153a4e5,w/o P_type (Add),1.0,0.666667,1.0,0.666667,1.0,1.0,1.0,1.0,1.0,1.0
2018_G_B203.pdf-cd92e332-dd42-40fe-9530-03ab83e77d3a,w/o P_type (Add),1.0,1.0,0.6,0.6,1.0,1.0,0.8,1.0,1.0,1.0
2018_G_B334.pdf-9618d410-024a-4368-8c34-abb687df4146,w/o P_type (Add),0.5,0.333333,0.5,0.25,0.7,1.0,0.5,1.0,1.0,1.0
2018_G_C008.pdf-3e10abb3-a9d0-4ecb-898d-01d2020ed451,w/o P_type (Add),0.333333,0.333333,0.333333,0.2,0.633333,1.0,0.333333,0.666667,1.0,1.0
2018_G_D029.pdf-10d238b4-ee16-4891-9522-f7e895f2f545,w/o P_type (Add),0.5,0.666667,1.0,0.666667,0.583333,0.5,1.0,1.0,1.0,1.0
2023_G_A092.pdf-5db87c85-f001-44bb-9cd1-933c32b9efdf,w/o P_type (Add),0.25,0.333333,0.25,0.166667,0.546429,1.0,0.25,0.5,0.75,0.75
2023_G_A127.pdf-c7af97bb-63f5-4e7a-ae28-7f7b3d4f016c,w/o P_type (Add),0.285714,0.666667,0.285714,0.25,0.551107,1.0,0.285714,0.285714,0.285714,0.285714
2023_G_A175.pdf-8d4a4c05-3206-497f-bcd2-34719146185f,w/o P_type (Add),0.4,0.666667,0.4,0.333333,0.607937,1.0,0.4,0.4,0.4,0.6
2023_G_B226.pdf-138a457c-a3d1-4dec-a2b6-3b5dc1265cc7,w/o P_type (Add),0.5,0.666667,0.25,0.222222,0.601261,1.0,0.375,0.375,0.375,0.375
2023_G_B311.pdf-4c40818a-19f0-4e8f-bea2-d2c28c9a7a93,w/o P_type (Add),0.333333,0.333333,0.333333,0.2,0.490909,1.0,0.333333,0.333333,0.333333,0.333333
2023_G_C050.pdf-2049a35a-b3ce-49bb-a0db-827272b74086,w/o P_type (Add),0.0,0.0,0.0,0.0,0.337302,0.25,0.333333,0.333333,0.666667,1.0
2023_G_C228.pdf-b2387ac6-a2c5-4f0e-a228-e82e75c63418,w/o P_type (Add),0.0,0.0,0.0,0.0,0.04,0.04,0.0,0.0,0.0,0.0
2023_G_E032.pdf-a2ac9d24-a978-4750-bdfc-d48988ea3d38,w/o P_type (Add),0.0,0.0,0.0,0.0,0.100992,0.038462,0.0,0.0,0.0,0.0
2023_G_E176.pdf-6a7252f2-fcac-48bd-9de1-2adf091599c5,w/o P_type (Add),0.333333,0.333333,0.333333,0.2,0.249249,0.5,0.333333,0.333333,0.333333,0.333333
2016_G_A028.pdf-6e4c52f4-be1a-43fe-9a4f-f2f6fb479a0c,w/o S_link (Add),0.5,0.333333,0.5,0.25,0.625,1.0,0.5,0.5,0.5,0.5
2016_G_A194.pdf-b86a85b1-ff13-48a6-90bc-0afc1ed6de24,w/o S_link (Add),0.5,0.333333,0.5,0.25,0.611111,1.0,0.5,0.5,0.5,0.5
2016_G_A433.pdf-ace5f580-0291-4b74-8e8a-3e24514c4563,w/o S_link (Add),0.333333,0.333333,0.333333,0.2,0.402778,0.333333,0.666667,0.666667,0.666667,0.666667
2016_G_B022.pdf-45c1977b-4052-4367-8a33-85a423730b3d,w/o S_link (Add),0.666667,0.666667,0.666667,0.5,0.805556,1.0,1.0,1.0,1.0,1.0
2016_G_B044.pdf-bb7acb2d-63cf-48d6-acf7-16e9e75ec953,w/o S_link (Add),0.5,0.333333,0.5,0.25,0.6,1.0,0.5,0.5,0.5,0.5
2016_G_B067.pdf-f6c8e02c-ac22-49cb-a2f4-6f0cb4726072,w/o S_link (Add),0.666667,0.666667,0.666667,0.5,0.833333,1.0,0.666667,0.666667,1.0,1.0
2016_G_B294.pdf-efa735c1-180d-4ef2-b2e3-71ef259ee165,w/o S_link (Add),0.333333,0.333333,0.333333,0.2,0.289773,0.5,0.333333,0.333333,0.333333,0.333333
2017_G_A156.pdf-526d4bc0-c508-47e0-9181-6bcff011181f,w/o S_link (Add),0.333333,0.333333,0.333333,0.2,0.440278,1.0,0.333333,0.333333,0.333333,0.333333
2017_G_B104.pdf-435f7107-40d7-45f1-8d90-183339b8efc2,w/o S_link (Add),0.333333,0.333333,0.333333,0.2,0.340741,0.5,0.333333,0.333333,0.333333,0.333333
2017_G_B154.pdf-6b295a37-7f1d-4087-aa6b-498ebc227dfe,w/o S_link (Add),0.333333,0.333333,0.333333,0.2,0.181763,0.333333,0.333333,0.333333,0.333333,0.333333
2017_G_B248.pdf-ceeb3cc2-f05c-4906-833a-5eb02870f643,w/o S_link (Add),0.333333,0.333333,0.333333,0.2,0.55,1.0,0.333333,0.666667,0.666667,0.666667
2017_G_B315.pdf-11a42682-c012-4452-b69e-37bc3de34fc6,w/o S_link (Add),0.666667,0.666667,0.666667,0.5,0.805556,1.0,1.0,1.0,1.0,1.0
2017_G_B447.pdf-bba1d9f9-3235-4893-aeb8-689cd6ed9376,w/o S_link (Add),0.25,0.333333,0.25,0.166667,0.184812,0.5,0.25,0.25,0.25,0.25
2017_G_D002.pdf-34552dc9-fe7d-49e0-90b4-279a27481fa2,w/o S_link (Add),1.0,0.666667,1.0,0.666667,1.0,1.0,1.0,1.0,1.0,1.0
2017_G_D035.pdf-dd7e65e6-ee52-4f20-a6d6-e97d20729925,w/o S_link (Add),0.0,0.0,0.0,0.0,0.2,0.2,0.0,1.0,1.0,1.0
2018_G_A229.pdf-b6d5ce70-0a39-4325-8406-1c887d9ce90c,w/o S_link (Add),0.0,0.333333,1.0,0.333333,0.333333,0.333333,1.0,1.0,1.0,1.0
2018_G_A440.pdf-065775f5-ff13-48f5-b12d-623da439971f,w/o S_link (Add),0.0,0.0,0.0,0.0,0.125,0.125,0.0,0.0,0.0,0.0
2018_G_A466.pdf-f42c5f5a-ee2d-4f66-84b0-d3e32153a4e5,w/o S_link (Add),0.0,0.0,0.0,0.0,0.25,0.25,0.5,0.5,0.5,0.5
2018_G_B203.pdf-cd92e332-dd42-40fe-9530-03ab83e77d3a,w/o S_link (Add),0.6,0.666667,0.4,0.333333,0.79619,1.0,0.4,0.6,0.8,1.0
2018_G_B334.pdf-9618d410-024a-4368-8c34-abb687df4146,w/o S_link (Add),0.0,0.0,0.0,0.0,0.291667,0.25,0.5,0.5,1.0,1.0
2018_G_C008.pdf-3e10abb3-a9d0-4ecb-898d-01d2020ed451,w/o S_link (Add),0.0,0.0,0.0,0.0,0.383333,0.25,0.333333,0.666667,1.0,1.0
2018_G_D029.pdf-10d238b4-ee16-4891-9522-f7e895f2f545,w/o S_link (Add),1.0,0.666667,1.0,0.666667,1.0,1.0,1.0,1.0,1.0,1.0
2023_G_A092.pdf-5db87c85-f001-44bb-9cd1-933c32b9efdf,w/o S_link (Add),0.5,0.666667,0.5,0.4,0.715909,1.0,0.5,0.5,0.75,0.75
2023_G_A127.pdf-c7af97bb-63f5-4e7a-ae28-7f7b3d4f016c,w/o S_link (Add),0.571429,0.333333,0.142857,0.111111,0.546032,0.5,0.285714,0.428571,0.571429,0.571429
2023_G_A175.pdf-8d4a4c05-3206-497f-bcd2-34719146185f,w/o S_link (Add),0.6,0.666667,0.4,0.333333,0.808333,1.0,0.6,0.6,0.8,0.8
2023_G_B226.pdf-138a457c-a3d1-4dec-a2b6-3b5dc1265cc7,w/o S_link (Add),0.375,1.0,0.375,0.375,0.605152,1.0,0.375,0.375,0.375,0.375
2023_G_B311.pdf-4c40818a-19f0-4e8f-bea2-d2c28c9a7a93,w/o S_link (Add),0.0,0.0,0.0,0.0,0.242063,0.142857,0.0,0.0,0.0,0.333333
2023_G_C050.pdf-2049a35a-b3ce-49bb-a0db-827272b74086,w/o S_link (Add),0.333333,0.333333,0.333333,0.2,0.440171,1.0,0.333333,0.333333,0.333333,0.333333
2023_G_C228.pdf-b2387ac6-a2c5-4f0e-a228-e82e75c63418,w/o S_link (Add),0.0,0.0,0.0,0.0,0.047619,0.047619,0.0,0.0,0.0,0.0
2023_G_E032.pdf-a2ac9d24-a978-4750-bdfc-d48988ea3d38,w/o S_link (Add),0.0,0.0,0.0,0.0,0.104603,0.047619,0.0,0.0,0.0,0.0
2023_G_E176.pdf-6a7252f2-fcac-48bd-9de1-2adf091599c5,w/o S_link (Add),0.0,0.0,0.0,0.0,0.06453,0.05,0.0,0.0,0.0,0.0
