paper_id,group_name,k,pairwise_pool_jaccard_mean,union_gain,actual_budget,pool_gt_recall,overlap_median_ref,gain_median_ref,quadrant
2016_G_A028.pdf-6e4c52f4-be1a-43fe-9a4f-f2f6fb479a0c,Proposed+Qwen+Layout,6,0.2081,0.0,13,1.0,0.4159,0.0,Q3_complementary
2016_G_A028.pdf-6e4c52f4-be1a-43fe-9a4f-f2f6fb479a0c,PRIMARY_ALL_9,6,0.2272,0.0,19,1.0,0.4159,0.0,Q3_complementary
2016_G_A194.pdf-b86a85b1-ff13-48a6-90bc-0afc1ed6de24,Proposed+Qwen+Layout,6,0.3,0.0,11,0.5,0.4159,0.0,Q3_complementary
2016_G_A194.pdf-b86a85b1-ff13-48a6-90bc-0afc1ed6de24,PRIMARY_ALL_9,6,0.274,0.0,15,1.0,0.4159,0.0,Q3_complementary
2016_G_A433.pdf-ace5f580-0291-4b74-8e8a-3e24514c4563,Proposed+Qwen+Layout,6,0.5714,0.0,9,0.6667,0.4159,0.0,Q2_consensus_hit
2016_G_A433.pdf-ace5f580-0291-4b74-8e8a-3e24514c4563,PRIMARY_ALL_9,6,0.3666,0.3333,13,1.0,0.4159,0.0,Q3_complementary
2016_G_B022.pdf-45c1977b-4052-4367-8a33-85a423730b3d,Proposed+Qwen+Layout,6,0.5714,0.0,9,1.0,0.4159,0.0,Q2_consensus_hit
2016_G_B022.pdf-45c1977b-4052-4367-8a33-85a423730b3d,PRIMARY_ALL_9,6,0.4493,0.0,15,1.0,0.4159,0.0,Q2_consensus_hit
2016_G_B044.pdf-bb7acb2d-63cf-48d6-acf7-16e9e75ec953,Proposed+Qwen+Layout,6,0.2889,0.0,12,1.0,0.4159,0.0,Q3_complementary
2016_G_B044.pdf-bb7acb2d-63cf-48d6-acf7-16e9e75ec953,PRIMARY_ALL_9,6,0.3132,0.0,16,1.0,0.4159,0.0,Q3_complementary
2016_G_B067.pdf-f6c8e02c-ac22-49cb-a2f4-6f0cb4726072,Proposed+Qwen+Layout,6,0.3081,0.0,11,1.0,0.4159,0.0,Q3_complementary
2016_G_B067.pdf-f6c8e02c-ac22-49cb-a2f4-6f0cb4726072,PRIMARY_ALL_9,6,0.2535,0.0,19,1.0,0.4159,0.0,Q3_complementary
2016_G_B294.pdf-efa735c1-180d-4ef2-b2e3-71ef259ee165,Proposed+Qwen+Layout,6,0.3444,0.0,11,1.0,0.4159,0.0,Q3_complementary
2016_G_B294.pdf-efa735c1-180d-4ef2-b2e3-71ef259ee165,PRIMARY_ALL_9,6,0.2985,0.0,16,1.0,0.4159,0.0,Q3_complementary
2017_G_A156.pdf-526d4bc0-c508-47e0-9181-6bcff011181f,Proposed+Qwen+Layout,6,0.1273,0.3333,14,0.6667,0.4159,0.0,Q3_complementary
2017_G_A156.pdf-526d4bc0-c508-47e0-9181-6bcff011181f,PRIMARY_ALL_9,6,0.2346,0.3333,17,0.6667,0.4159,0.0,Q3_complementary
2017_G_B104.pdf-435f7107-40d7-45f1-8d90-183339b8efc2,Proposed+Qwen+Layout,6,0.5,0.0,8,0.6667,0.4159,0.0,Q2_consensus_hit
2017_G_B104.pdf-435f7107-40d7-45f1-8d90-183339b8efc2,PRIMARY_ALL_9,6,0.5258,0.0,10,1.0,0.4159,0.0,Q2_consensus_hit
2017_G_B154.pdf-6b295a37-7f1d-4087-aa6b-498ebc227dfe,Proposed+Qwen+Layout,6,0.0667,0.0,16,0.6667,0.4159,0.0,Q3_complementary
2017_G_B154.pdf-6b295a37-7f1d-4087-aa6b-498ebc227dfe,PRIMARY_ALL_9,6,0.2014,0.0,20,0.6667,0.4159,0.0,Q3_complementary
2017_G_B248.pdf-ceeb3cc2-f05c-4906-833a-5eb02870f643,Proposed+Qwen+Layout,6,0.4444,0.0,10,1.0,0.4159,0.0,Q2_consensus_hit
2017_G_B248.pdf-ceeb3cc2-f05c-4906-833a-5eb02870f643,PRIMARY_ALL_9,6,0.3427,0.0,14,1.0,0.4159,0.0,Q3_complementary
2017_G_B315.pdf-11a42682-c012-4452-b69e-37bc3de34fc6,Proposed+Qwen+Layout,6,0.4,0.0,10,1.0,0.4159,0.0,Q3_complementary
2017_G_B315.pdf-11a42682-c012-4452-b69e-37bc3de34fc6,PRIMARY_ALL_9,6,0.4464,0.0,10,1.0,0.4159,0.0,Q2_consensus_hit
2017_G_B447.pdf-bba1d9f9-3235-4893-aeb8-689cd6ed9376,Proposed+Qwen+Layout,6,0.0303,0.25,17,0.75,0.4159,0.0,Q3_complementary
2017_G_B447.pdf-bba1d9f9-3235-4893-aeb8-689cd6ed9376,PRIMARY_ALL_9,6,0.1073,0.5,31,1.0,0.4159,0.0,Q3_complementary
2017_G_D002.pdf-34552dc9-fe7d-49e0-90b4-279a27481fa2,Proposed+Qwen+Layout,6,0.5159,0.0,9,1.0,0.4159,0.0,Q2_consensus_hit
2017_G_D002.pdf-34552dc9-fe7d-49e0-90b4-279a27481fa2,PRIMARY_ALL_9,6,0.5681,0.0,9,1.0,0.4159,0.0,Q2_consensus_hit
2017_G_D035.pdf-dd7e65e6-ee52-4f20-a6d6-e97d20729925,Proposed+Qwen+Layout,6,0.8095,0.0,7,1.0,0.4159,0.0,Q2_consensus_hit
2017_G_D035.pdf-dd7e65e6-ee52-4f20-a6d6-e97d20729925,PRIMARY_ALL_9,6,0.754,0.0,7,1.0,0.4159,0.0,Q2_consensus_hit
2018_G_A229.pdf-b6d5ce70-0a39-4325-8406-1c887d9ce90c,Proposed+Qwen+Layout,6,0.6667,0.0,8,1.0,0.4159,0.0,Q2_consensus_hit
2018_G_A229.pdf-b6d5ce70-0a39-4325-8406-1c887d9ce90c,PRIMARY_ALL_9,6,0.4603,0.0,11,1.0,0.4159,0.0,Q2_consensus_hit
2018_G_A440.pdf-065775f5-ff13-48f5-b12d-623da439971f,Proposed+Qwen+Layout,6,0.5,0.0,9,1.0,0.4159,0.0,Q2_consensus_hit
2018_G_A440.pdf-065775f5-ff13-48f5-b12d-623da439971f,PRIMARY_ALL_9,6,0.4823,0.0,10,1.0,0.4159,0.0,Q2_consensus_hit
2018_G_A466.pdf-f42c5f5a-ee2d-4f66-84b0-d3e32153a4e5,Proposed+Qwen+Layout,6,0.5,0.0,9,1.0,0.4159,0.0,Q2_consensus_hit
2018_G_A466.pdf-f42c5f5a-ee2d-4f66-84b0-d3e32153a4e5,PRIMARY_ALL_9,6,0.4757,0.0,10,1.0,0.4159,0.0,Q2_consensus_hit
2018_G_B203.pdf-cd92e332-dd42-40fe-9530-03ab83e77d3a,Proposed+Qwen+Layout,6,0.8095,0.0,7,1.0,0.4159,0.0,Q2_consensus_hit
2018_G_B203.pdf-cd92e332-dd42-40fe-9530-03ab83e77d3a,PRIMARY_ALL_9,6,0.7698,0.0,7,1.0,0.4159,0.0,Q2_consensus_hit
2018_G_B334.pdf-9618d410-024a-4368-8c34-abb687df4146,Proposed+Qwen+Layout,6,1.0,0.0,6,1.0,0.4159,0.0,Q2_consensus_hit
2018_G_B334.pdf-9618d410-024a-4368-8c34-abb687df4146,PRIMARY_ALL_9,6,1.0,0.0,6,1.0,0.4159,0.0,Q2_consensus_hit
2018_G_C008.pdf-3e10abb3-a9d0-4ecb-898d-01d2020ed451,Proposed+Qwen+Layout,6,1.0,0.0,6,1.0,0.4159,0.0,Q2_consensus_hit
2018_G_C008.pdf-3e10abb3-a9d0-4ecb-898d-01d2020ed451,PRIMARY_ALL_9,6,0.9365,0.0,7,1.0,0.4159,0.0,Q2_consensus_hit
2018_G_D029.pdf-10d238b4-ee16-4891-9522-f7e895f2f545,Proposed+Qwen+Layout,6,1.0,0.0,5,1.0,0.4159,0.0,Q2_consensus_hit
2018_G_D029.pdf-10d238b4-ee16-4891-9522-f7e895f2f545,PRIMARY_ALL_9,6,1.0,0.0,5,1.0,0.4159,0.0,Q2_consensus_hit
2023_G_A092.pdf-5db87c85-f001-44bb-9cd1-933c32b9efdf,Proposed+Qwen+Layout,6,0.4,0.0,10,0.75,0.4159,0.0,Q3_complementary
2023_G_A092.pdf-5db87c85-f001-44bb-9cd1-933c32b9efdf,PRIMARY_ALL_9,6,0.2375,0.0,23,0.75,0.4159,0.0,Q3_complementary
2023_G_A127.pdf-c7af97bb-63f5-4e7a-ae28-7f7b3d4f016c,Proposed+Qwen+Layout,6,0.4159,0.1429,10,0.7143,0.4159,0.0,Q2_consensus_hit
2023_G_A127.pdf-c7af97bb-63f5-4e7a-ae28-7f7b3d4f016c,PRIMARY_ALL_9,6,0.2745,0.2857,18,0.8571,0.4159,0.0,Q3_complementary
2023_G_A175.pdf-8d4a4c05-3206-497f-bcd2-34719146185f,Proposed+Qwen+Layout,6,0.5,0.4,9,1.0,0.4159,0.0,Q2_consensus_hit
2023_G_A175.pdf-8d4a4c05-3206-497f-bcd2-34719146185f,PRIMARY_ALL_9,6,0.5397,0.4,11,1.0,0.4159,0.0,Q2_consensus_hit
2023_G_B226.pdf-138a457c-a3d1-4dec-a2b6-3b5dc1265cc7,Proposed+Qwen+Layout,6,0.4159,0.125,10,0.625,0.4159,0.0,Q2_consensus_hit
2023_G_B226.pdf-138a457c-a3d1-4dec-a2b6-3b5dc1265cc7,PRIMARY_ALL_9,6,0.2855,0.5,18,1.0,0.4159,0.0,Q3_complementary
2023_G_B311.pdf-4c40818a-19f0-4e8f-bea2-d2c28c9a7a93,Proposed+Qwen+Layout,6,0.5159,0.0,9,0.6667,0.4159,0.0,Q2_consensus_hit
2023_G_B311.pdf-4c40818a-19f0-4e8f-bea2-d2c28c9a7a93,PRIMARY_ALL_9,6,0.4869,0.3333,10,1.0,0.4159,0.0,Q2_consensus_hit
2023_G_C050.pdf-2049a35a-b3ce-49bb-a0db-827272b74086,Proposed+Qwen+Layout,6,0.4444,0.3333,9,1.0,0.4159,0.0,Q2_consensus_hit
2023_G_C050.pdf-2049a35a-b3ce-49bb-a0db-827272b74086,PRIMARY_ALL_9,6,0.3322,0.3333,15,1.0,0.4159,0.0,Q3_complementary
2023_G_C228.pdf-b2387ac6-a2c5-4f0e-a228-e82e75c63418,Proposed+Qwen+Layout,6,0.0667,0.0,16,1.0,0.4159,0.0,Q3_complementary
2023_G_C228.pdf-b2387ac6-a2c5-4f0e-a228-e82e75c63418,PRIMARY_ALL_9,6,0.1885,0.0,20,1.0,0.4159,0.0,Q3_complementary
2023_G_E032.pdf-a2ac9d24-a978-4750-bdfc-d48988ea3d38,Proposed+Qwen+Layout,6,0.2381,0.0,13,0.4,0.4159,0.0,Q3_complementary
2023_G_E032.pdf-a2ac9d24-a978-4750-bdfc-d48988ea3d38,PRIMARY_ALL_9,6,0.276,0.0,20,0.4,0.4159,0.0,Q3_complementary
2023_G_E176.pdf-6a7252f2-fcac-48bd-9de1-2adf091599c5,Proposed+Qwen+Layout,6,0.1717,0.0,13,0.6667,0.4159,0.0,Q3_complementary
2023_G_E176.pdf-6a7252f2-fcac-48bd-9de1-2adf091599c5,PRIMARY_ALL_9,6,0.1337,0.3333,29,1.0,0.4159,0.0,Q3_complementary
