group_name,k,n_papers,actual_budget_mean,actual_budget_median,actual_budget_p25,actual_budget_p75,actual_budget_min,actual_budget_max,compression_ratio_mean,compression_ratio_median,pool_gt_recall_micro,union_gain_mean,pairwise_pool_jaccard_mean
BM25+CLIP,3,31,5.13,5.0,5.0,6.0,3,6,0.8548,0.8333,0.4421,0.0739,0.2129
BM25+CLIP,4,31,6.58,7.0,6.0,7.0,4,8,0.8226,0.875,0.5263,0.0739,0.2618
BM25+CLIP,5,31,8.03,9.0,7.0,9.0,5,10,0.8032,0.9,0.6211,0.0968,0.2897
BM25+CLIP,6,31,9.06,9.0,8.0,10.5,5,12,0.7554,0.75,0.6211,0.0742,0.3741
BM25+CLIP,7,31,10.13,10.0,9.0,12.0,5,13,0.7235,0.7143,0.7053,0.085,0.427
BM25+Dense,3,31,5.35,5.0,5.0,6.0,4,6,0.8925,0.8333,0.3789,0.0427,0.1387
BM25+Dense,4,31,6.77,7.0,6.0,8.0,5,8,0.8468,0.875,0.4421,0.0664,0.2071
BM25+Dense,5,31,8.19,8.0,7.0,9.5,5,10,0.8194,0.8,0.5158,0.0804,0.2647
BM25+Dense,6,31,9.42,10.0,8.0,11.0,5,12,0.7849,0.8333,0.5579,0.074,0.3224
BM25+Dense,7,31,10.39,11.0,9.0,12.0,5,14,0.7419,0.7857,0.6421,0.0686,0.3991
Caption-BM25,3,31,3.0,3.0,3.0,3.0,3,3,1.0,1.0,0.2421,0.0,1.0
Caption-BM25,4,31,4.0,4.0,4.0,4.0,4,4,1.0,1.0,0.2947,0.0,1.0
Caption-BM25,5,31,5.0,5.0,5.0,5.0,5,5,1.0,1.0,0.3579,0.0,1.0
Caption-BM25,6,31,5.97,6.0,6.0,6.0,5,6,0.9946,1.0,0.4,0.0,1.0
Caption-BM25,7,31,6.9,7.0,7.0,7.0,5,7,0.9862,1.0,0.4842,0.0,1.0
Caption-Dense-v4,3,31,3.0,3.0,3.0,3.0,3,3,1.0,1.0,0.2105,0.0,1.0
Caption-Dense-v4,4,31,4.0,4.0,4.0,4.0,4,4,1.0,1.0,0.2526,0.0,1.0
Caption-Dense-v4,5,31,5.0,5.0,5.0,5.0,5,5,1.0,1.0,0.3158,0.0,1.0
Caption-Dense-v4,6,31,5.97,6.0,6.0,6.0,5,6,0.9946,1.0,0.3789,0.0,1.0
Caption-Dense-v4,7,31,6.9,7.0,7.0,7.0,5,7,0.9862,1.0,0.4421,0.0,1.0
Dense+CLIP,3,31,5.35,5.0,5.0,6.0,4,6,0.8925,0.8333,0.4316,0.0796,0.1419
Dense+CLIP,4,31,6.9,7.0,6.0,8.0,5,8,0.8629,0.875,0.5158,0.0753,0.184
Dense+CLIP,5,31,8.29,9.0,7.0,9.0,5,10,0.829,0.9,0.6,0.0686,0.2465
Dense+CLIP,6,31,9.13,9.0,8.0,10.5,5,12,0.7608,0.75,0.6211,0.0793,0.3684
Dense+CLIP,7,31,10.19,10.0,9.0,12.0,5,14,0.7281,0.7143,0.6737,0.0363,0.4166
L+BM25,3,31,5.23,5.0,5.0,6.0,4,6,0.871,0.8333,0.5263,0.0712,0.1645
L+BM25,4,31,6.68,7.0,6.0,7.0,5,8,0.8347,0.875,0.6,0.079,0.2184
L+BM25,5,31,7.87,8.0,7.0,9.0,5,10,0.7871,0.8,0.6737,0.0729,0.312
L+BM25,6,31,8.81,9.0,8.0,10.0,5,12,0.7339,0.75,0.7053,0.0621,0.4004
L+BM25,7,31,9.87,10.0,9.0,11.0,5,14,0.7051,0.7143,0.7368,0.0772,0.4643
L+CLIP,3,31,5.1,5.0,5.0,6.0,3,6,0.8495,0.8333,0.5368,0.1153,0.2129
L+CLIP,4,31,6.45,7.0,6.0,7.0,5,8,0.8065,0.875,0.6316,0.1032,0.2682
L+CLIP,5,31,7.71,7.0,7.0,9.0,5,10,0.771,0.7,0.6947,0.086,0.3367
L+CLIP,6,31,8.81,9.0,7.0,10.0,5,12,0.7339,0.75,0.6947,0.0699,0.4153
L+CLIP,7,31,10.03,10.0,9.0,11.0,5,14,0.7166,0.7143,0.7474,0.0806,0.4423
L+Dense,3,31,5.19,5.0,5.0,6.0,4,6,0.8656,0.8333,0.4947,0.0592,0.1839
L+Dense,4,31,6.71,7.0,6.0,8.0,4,8,0.8387,0.875,0.5579,0.0592,0.2341
L+Dense,5,31,7.94,8.0,7.0,9.0,5,10,0.7935,0.8,0.6105,0.0326,0.3149
L+Dense,6,31,9.19,9.0,8.0,11.0,5,12,0.7661,0.75,0.6632,0.0433,0.3559
L+Dense,7,31,10.16,11.0,8.5,12.0,5,14,0.7258,0.7857,0.7263,0.0498,0.4314
Layout-Order,3,31,3.0,3.0,3.0,3.0,3,3,1.0,1.0,0.3895,0.0,1.0
Layout-Order,4,31,4.0,4.0,4.0,4.0,4,4,1.0,1.0,0.4632,0.0,1.0
Layout-Order,5,31,5.0,5.0,5.0,5.0,5,5,1.0,1.0,0.5368,0.0,1.0
Layout-Order,6,31,5.97,6.0,6.0,6.0,5,6,0.9946,1.0,0.5895,0.0,1.0
Layout-Order,7,31,6.9,7.0,7.0,7.0,5,7,0.9862,1.0,0.6211,0.0,1.0
P+BM25,3,31,5.39,5.0,5.0,6.0,3,6,0.8978,0.8333,0.5368,0.0777,0.1387
P+BM25,4,31,6.71,7.0,6.0,7.0,4,8,0.8387,0.875,0.6,0.0618,0.228
P+BM25,5,31,7.87,8.0,7.0,9.0,5,10,0.7871,0.8,0.6421,0.0618,0.3042
P+BM25,6,31,8.81,9.0,8.0,10.0,5,12,0.7339,0.75,0.6842,0.0403,0.401
P+BM25,7,31,9.9,10.0,8.5,11.0,5,14,0.7074,0.7143,0.7263,0.0468,0.4584
P+CLIP,3,31,5.13,5.0,5.0,6.0,4,6,0.8548,0.8333,0.5474,0.1092,0.1935
P+CLIP,4,31,6.61,7.0,6.0,7.0,5,8,0.8266,0.875,0.6632,0.096,0.2396
P+CLIP,5,31,8.06,8.0,7.0,9.0,5,10,0.8065,0.8,0.7368,0.0863,0.2787
P+CLIP,6,31,9.03,9.0,8.0,10.5,5,12,0.7527,0.75,0.7368,0.053,0.3783
P+CLIP,7,31,9.87,10.0,9.0,11.0,5,13,0.7051,0.7143,0.7368,0.0422,0.4563
P+Dense,3,31,5.16,5.0,5.0,6.0,4,6,0.8602,0.8333,0.5053,0.0753,0.1871
P+Dense,4,31,6.58,7.0,6.0,7.0,4,8,0.8226,0.875,0.5895,0.0753,0.2562
P+Dense,5,31,7.71,8.0,7.0,9.0,5,10,0.771,0.8,0.6211,0.0366,0.3486
P+Dense,6,31,8.97,9.0,8.0,10.0,5,12,0.7473,0.75,0.6842,0.0366,0.3859
P+Dense,7,31,10.06,10.0,9.0,12.0,5,14,0.7189,0.7143,0.7158,0.0151,0.4394
P+L,3,31,4.26,4.0,4.0,5.0,3,6,0.7097,0.6667,0.4947,0.0145,0.4548
P+L,4,31,5.58,6.0,5.0,6.0,4,8,0.6976,0.75,0.5789,0.0145,0.4888
P+L,5,31,6.84,7.0,6.0,8.0,5,10,0.6839,0.7,0.6737,0.0299,0.5174
P+L,6,31,8.13,8.0,7.5,9.0,5,12,0.6774,0.6667,0.7158,0.0299,0.5235
P+L,7,31,9.42,9.0,8.0,10.0,5,14,0.6728,0.6429,0.7474,0.028,0.5239
P+Pv2,3,31,3.68,4.0,3.0,4.0,3,5,0.6129,0.6667,0.4737,0.0065,0.6806
P+Pv2,4,31,4.9,5.0,4.5,5.0,4,6,0.6129,0.625,0.5684,0.004,0.6602
P+Pv2,5,31,5.97,6.0,5.0,7.0,5,8,0.5968,0.6,0.6526,0.0108,0.7151
P+Pv2,6,31,7.06,7.0,6.0,8.0,5,10,0.5887,0.5833,0.6842,0.0,0.7272
P+Pv2,7,31,8.06,8.0,7.0,9.0,5,11,0.576,0.5714,0.7053,0.0065,0.7465
P+Q,3,31,4.84,5.0,4.0,5.0,3,6,0.8064,0.8333,0.6,0.0638,0.2774
P+Q,4,31,6.23,6.0,5.0,7.0,5,8,0.7782,0.75,0.6947,0.0471,0.321
P+Q,5,31,7.48,7.0,6.0,9.0,5,10,0.7484,0.7,0.7368,0.0427,0.3947
P+Q,6,31,8.84,8.0,8.0,10.5,5,12,0.7366,0.6667,0.7895,0.0427,0.4111
P+Q,7,31,9.87,10.0,8.5,11.0,5,14,0.7051,0.7143,0.8105,0.0363,0.4702
P+Qcap,3,31,5.1,5.0,5.0,6.0,3,6,0.8495,0.8333,0.5684,0.0576,0.2097
P+Qcap,4,31,6.52,6.0,6.0,8.0,5,8,0.8145,0.75,0.6526,0.0299,0.2676
P+Qcap,5,31,7.81,7.0,7.0,9.0,5,10,0.7806,0.7,0.6947,0.0261,0.3385
P+Qcap,6,31,9.1,9.0,7.0,11.0,5,12,0.7581,0.75,0.7263,0.0261,0.3855
P+Qcap,7,31,10.16,10.0,8.5,12.5,5,14,0.7258,0.7143,0.7474,0.0261,0.435
P+Qimg,3,31,5.06,5.0,5.0,5.5,3,6,0.8441,0.8333,0.6105,0.0551,0.2129
P+Qimg,4,31,6.45,6.0,6.0,7.0,5,8,0.8065,0.75,0.6947,0.0323,0.2697
P+Qimg,5,31,7.65,8.0,7.0,8.5,5,10,0.7645,0.8,0.7158,0.0301,0.3588
P+Qimg,6,31,8.77,9.0,8.0,10.0,5,12,0.7312,0.75,0.7579,0.0151,0.4139
P+Qimg,7,31,9.84,10.0,8.0,12.0,5,13,0.7028,0.7143,0.7895,0.0255,0.4704
PRIMARY_ALL_9,3,31,10.32,11.0,8.0,12.5,4,16,0.3823,0.4074,0.8632,0.1418,0.2642
PRIMARY_ALL_9,4,31,12.29,13.0,9.0,15.0,5,22,0.3414,0.3611,0.9053,0.1342,0.3127
PRIMARY_ALL_9,5,31,13.61,14.0,10.0,17.0,5,27,0.3025,0.3111,0.9263,0.1189,0.3767
PRIMARY_ALL_9,6,31,14.55,15.0,10.0,18.5,5,31,0.2694,0.2778,0.9263,0.1081,0.4272
PRIMARY_ALL_9,7,31,15.35,15.0,10.0,20.5,5,33,0.2437,0.2381,0.9579,0.0974,0.4809
Proposed,3,31,3.0,3.0,3.0,3.0,3,3,1.0,1.0,0.4,0.0,1.0
Proposed,4,31,4.0,4.0,4.0,4.0,4,4,1.0,1.0,0.4947,0.0,1.0
Proposed,5,31,5.0,5.0,5.0,5.0,5,5,1.0,1.0,0.5474,0.0,1.0
Proposed,6,31,5.97,6.0,6.0,6.0,5,6,0.9946,1.0,0.6,0.0,1.0
Proposed,7,31,6.9,7.0,7.0,7.0,5,7,0.9862,1.0,0.6211,0.0,1.0
Proposed+Qwen+Layout,3,31,5.71,6.0,5.0,7.0,4,8,0.6344,0.6667,0.6316,0.0557,0.3473
Proposed+Qwen+Layout,4,31,7.39,7.0,6.0,8.5,5,11,0.6156,0.5833,0.7263,0.0616,0.3727
Proposed+Qwen+Layout,5,31,8.74,8.0,7.0,10.0,5,14,0.5828,0.5333,0.7895,0.0619,0.4479
Proposed+Qwen+Layout,6,31,10.19,10.0,9.0,11.5,5,17,0.5663,0.5556,0.8211,0.0511,0.4558
Proposed+Qwen+Layout,7,31,11.35,11.0,9.5,14.0,5,19,0.5407,0.5238,0.8526,0.06,0.4957
Proposed-v2,3,31,3.0,3.0,3.0,3.0,3,3,1.0,1.0,0.4211,0.0,1.0
Proposed-v2,4,31,4.0,4.0,4.0,4.0,4,4,1.0,1.0,0.4947,0.0,1.0
Proposed-v2,5,31,5.0,5.0,5.0,5.0,5,5,1.0,1.0,0.5789,0.0,1.0
Proposed-v2,6,31,5.97,6.0,6.0,6.0,5,6,0.9946,1.0,0.6316,0.0,1.0
Proposed-v2,7,31,6.9,7.0,7.0,7.0,5,7,0.9862,1.0,0.6632,0.0,1.0
Pv2+BM25,3,31,5.29,5.0,5.0,6.0,3,6,0.8817,0.8333,0.5579,0.0712,0.1613
Pv2+BM25,4,31,6.81,7.0,6.0,7.5,5,8,0.8508,0.875,0.6316,0.0874,0.2019
Pv2+BM25,5,31,7.74,8.0,7.0,9.0,5,10,0.7742,0.8,0.6632,0.0403,0.3337
Pv2+BM25,6,31,8.77,9.0,8.0,10.0,5,12,0.7312,0.75,0.6842,0.0145,0.4085
Pv2+BM25,7,31,9.87,10.0,9.0,11.0,5,14,0.7051,0.7143,0.7368,0.036,0.4631
Pv2+CLIP,3,31,5.13,5.0,5.0,5.5,4,6,0.8548,0.8333,0.5579,0.0984,0.1871
Pv2+CLIP,4,31,6.58,7.0,6.0,7.0,5,8,0.8226,0.875,0.6737,0.1186,0.2467
Pv2+CLIP,5,31,8.0,8.0,7.0,9.0,5,10,0.8,0.8,0.7684,0.1331,0.2862
Pv2+CLIP,6,31,9.03,9.0,8.0,10.5,5,12,0.7527,0.75,0.7789,0.1062,0.3746
Pv2+CLIP,7,31,10.03,10.0,9.0,11.5,5,13,0.7166,0.7143,0.8,0.0955,0.4312
Pv2+Dense,3,31,5.06,5.0,5.0,6.0,3,6,0.8441,0.8333,0.5053,0.043,0.229
Pv2+Dense,4,31,6.48,7.0,6.0,7.0,4,8,0.8105,0.875,0.5895,0.0753,0.2854
Pv2+Dense,5,31,7.77,8.0,7.0,9.0,5,10,0.7774,0.8,0.6632,0.0527,0.3405
Pv2+Dense,6,31,9.03,9.0,8.0,10.5,5,12,0.7527,0.75,0.7158,0.0473,0.376
Pv2+Dense,7,31,10.06,10.0,9.0,12.0,5,14,0.7189,0.7143,0.7579,0.0323,0.4369
Pv2+L,3,31,3.97,4.0,3.5,4.0,3,5,0.6613,0.6667,0.4632,0.0065,0.5613
Pv2+L,4,31,5.23,5.0,4.5,6.0,4,7,0.6532,0.625,0.5579,0.0266,0.5816
Pv2+L,5,31,6.42,6.0,5.5,7.0,5,9,0.6419,0.6,0.6737,0.0527,0.6081
Pv2+L,6,31,7.71,8.0,6.5,9.0,5,11,0.6425,0.6667,0.7263,0.0635,0.6014
Pv2+L,7,31,8.87,9.0,8.0,10.0,5,13,0.6336,0.6429,0.7474,0.0348,0.6079
Pv2+Q,3,31,4.74,5.0,4.0,5.0,3,6,0.7903,0.8333,0.5895,0.0477,0.3
Pv2+Q,4,31,6.06,6.0,5.0,7.0,4,8,0.7581,0.75,0.6842,0.0672,0.357
Pv2+Q,5,31,7.23,7.0,6.0,8.0,5,10,0.7226,0.7,0.7263,0.0562,0.4479
Pv2+Q,6,31,8.45,8.0,7.0,9.0,5,12,0.7043,0.6667,0.7579,0.0444,0.4745
Pv2+Q,7,31,9.74,10.0,8.0,11.0,5,14,0.6959,0.7143,0.8211,0.0723,0.4889
Pv2+Qcap,3,31,4.94,5.0,4.5,5.0,3,6,0.8226,0.8333,0.5684,0.0511,0.2484
Pv2+Qcap,4,31,6.39,6.0,5.5,7.0,4,8,0.7984,0.75,0.6632,0.05,0.2968
Pv2+Qcap,5,31,7.61,7.0,6.5,9.0,5,10,0.7613,0.7,0.7053,0.0651,0.3857
Pv2+Qcap,6,31,8.9,9.0,7.0,11.0,5,12,0.7419,0.75,0.7368,0.0543,0.4064
Pv2+Qcap,7,31,10.06,10.0,8.0,12.0,5,14,0.7189,0.7143,0.7789,0.0715,0.4479
Pv2+Qimg,3,31,4.9,5.0,5.0,5.0,3,6,0.8172,0.8333,0.6,0.0406,0.2516
Pv2+Qimg,4,31,6.32,6.0,6.0,7.0,5,8,0.7903,0.75,0.6842,0.0611,0.2937
Pv2+Qimg,5,31,7.52,8.0,6.5,9.0,5,10,0.7516,0.8,0.7263,0.0436,0.3939
Pv2+Qimg,6,31,8.68,9.0,7.0,10.0,5,12,0.7231,0.75,0.7684,0.0543,0.4295
Pv2+Qimg,7,31,9.87,10.0,8.0,11.5,5,14,0.7051,0.7143,0.8316,0.0817,0.4651
Q+BM25,3,31,5.1,5.0,5.0,6.0,3,6,0.8495,0.8333,0.5368,0.0605,0.2097
Q+BM25,4,31,6.61,7.0,6.0,7.0,4,8,0.8266,0.875,0.6526,0.0401,0.2439
Q+BM25,5,31,7.84,8.0,7.0,9.0,5,10,0.7839,0.8,0.7053,0.036,0.3225
Q+BM25,6,31,9.03,9.0,8.0,10.5,5,12,0.7527,0.75,0.7368,0.0403,0.3721
Q+BM25,7,31,9.97,10.0,9.0,12.0,5,13,0.712,0.7143,0.8,0.0683,0.4524
Q+CLIP,3,31,5.03,5.0,5.0,5.5,3,6,0.8387,0.8333,0.5684,0.0804,0.2226
Q+CLIP,4,31,6.48,7.0,6.0,7.0,4,8,0.8105,0.875,0.7158,0.0952,0.2728
Q+CLIP,5,31,7.65,8.0,7.0,8.0,5,10,0.7645,0.8,0.7684,0.0702,0.3413
Q+CLIP,6,31,8.97,9.0,8.5,10.0,5,12,0.7473,0.75,0.7895,0.0702,0.3816
Q+CLIP,7,31,10.0,10.0,9.0,11.5,5,14,0.7143,0.7143,0.8316,0.0745,0.4471
Q+Dense,3,31,5.13,5.0,4.5,6.0,4,6,0.8548,0.8333,0.5053,0.0527,0.2
Q+Dense,4,31,6.68,7.0,6.0,8.0,4,8,0.8347,0.875,0.6105,0.0487,0.2347
Q+Dense,5,31,8.0,8.0,7.0,9.0,5,10,0.8,0.8,0.6737,0.0301,0.2993
Q+Dense,6,31,9.16,9.0,8.0,10.0,5,12,0.7634,0.75,0.7368,0.0409,0.3607
Q+Dense,7,31,10.32,10.0,9.0,12.0,5,14,0.7373,0.7143,0.8,0.0427,0.414
Q+L,3,31,4.77,5.0,4.0,5.0,3,6,0.7957,0.8333,0.5579,0.0447,0.3097
Q+L,4,31,6.32,6.0,5.0,7.0,4,8,0.7903,0.75,0.6947,0.0551,0.3085
Q+L,5,31,7.32,7.0,6.5,8.0,5,10,0.7323,0.7,0.7368,0.0447,0.4318
Q+L,6,31,8.68,8.0,7.5,10.0,5,12,0.7231,0.6667,0.7789,0.0511,0.4329
Q+L,7,31,9.71,9.0,8.0,11.0,5,14,0.6936,0.6429,0.8105,0.06,0.493
Q+Qcap,3,31,4.13,4.0,3.5,5.0,3,6,0.6882,0.6667,0.5368,0.0433,0.5194
Q+Qcap,4,31,5.32,5.0,4.5,6.0,4,8,0.6653,0.625,0.6526,0.0302,0.5597
Q+Qcap,5,31,6.35,6.0,6.0,7.0,5,8,0.6355,0.6,0.6737,0.0191,0.6083
Q+Qcap,6,31,7.39,7.0,6.5,8.0,5,10,0.6156,0.5833,0.7053,0.0191,0.6531
Q+Qcap,7,31,8.23,8.0,7.0,9.0,5,12,0.5876,0.5714,0.7368,0.0081,0.7135
Q+Qimg,3,31,3.97,4.0,3.5,4.0,3,5,0.6613,0.6667,0.5158,0.0226,0.5613
Q+Qimg,4,31,4.94,5.0,4.0,5.0,4,7,0.6169,0.625,0.5895,0.0105,0.6651
Q+Qimg,5,31,6.26,6.0,6.0,6.5,5,9,0.6258,0.6,0.6632,0.0255,0.6365
Q+Qimg,6,31,7.48,8.0,6.0,8.0,5,11,0.6237,0.6667,0.7158,0.0301,0.6423
Q+Qimg,7,31,8.45,8.0,7.5,9.0,5,13,0.6037,0.5714,0.7368,0.0255,0.6771
Qcap+BM25,3,31,5.03,5.0,5.0,5.5,4,6,0.8387,0.8333,0.4526,0.0296,0.2161
Qcap+BM25,4,31,6.55,7.0,6.0,7.0,4,8,0.8185,0.875,0.5579,0.0296,0.2571
Qcap+BM25,5,31,7.87,8.0,7.0,9.0,5,10,0.7871,0.8,0.6211,0.0342,0.3236
Qcap+BM25,6,31,9.06,9.0,7.5,10.0,5,12,0.7554,0.75,0.6526,0.0342,0.3726
Qcap+BM25,7,31,9.97,10.0,9.0,12.0,5,13,0.712,0.7143,0.7474,0.0729,0.4518
Qcap+CLIP,3,31,5.23,5.0,5.0,6.0,3,6,0.871,0.8333,0.5368,0.1132,0.1742
Qcap+CLIP,4,31,6.65,7.0,6.0,7.0,5,8,0.8306,0.875,0.6421,0.0906,0.224
Qcap+CLIP,5,31,7.94,8.0,7.0,9.0,5,10,0.7935,0.8,0.6842,0.0906,0.2935
Qcap+CLIP,6,31,9.19,9.0,9.0,10.0,5,12,0.7661,0.75,0.6842,0.0799,0.3533
Qcap+CLIP,7,31,10.16,10.0,9.0,11.5,5,14,0.7258,0.7143,0.7263,0.0852,0.4276
Qcap+Dense,3,31,5.32,5.0,5.0,6.0,4,6,0.8871,0.8333,0.4526,0.0804,0.1484
Qcap+Dense,4,31,6.9,7.0,6.0,8.0,4,8,0.8629,0.875,0.5474,0.032,0.1923
Qcap+Dense,5,31,8.26,8.0,7.5,9.0,5,10,0.8258,0.8,0.6105,0.032,0.2528
Qcap+Dense,6,31,9.48,10.0,8.5,11.0,5,12,0.7903,0.8333,0.6632,0.0535,0.3164
Qcap+Dense,7,31,10.55,11.0,9.0,12.0,5,14,0.7535,0.7857,0.7368,0.0599,0.3827
Qcap+L,3,31,4.94,5.0,4.0,6.0,3,6,0.8226,0.8333,0.5474,0.0465,0.271
Qcap+L,4,31,6.29,6.0,5.0,7.0,4,8,0.7863,0.75,0.6105,0.0253,0.3161
Qcap+L,5,31,7.58,8.0,6.5,9.0,5,10,0.7581,0.8,0.6632,0.0339,0.3889
Qcap+L,6,31,8.71,8.0,7.0,10.5,5,12,0.7258,0.6667,0.6947,0.0339,0.4409
Qcap+L,7,31,9.71,9.0,8.0,11.5,5,14,0.6936,0.6429,0.7368,0.0428,0.4997
Qcap+Qimg,3,31,4.13,4.0,4.0,4.5,3,6,0.6882,0.6667,0.5263,0.0248,0.5161
Qcap+Qimg,4,31,5.19,5.0,4.0,6.0,4,7,0.6492,0.625,0.6105,0.0111,0.5988
Qcap+Qimg,5,31,6.42,6.0,6.0,7.0,5,9,0.6419,0.6,0.6526,0.0218,0.5892
Qcap+Qimg,6,31,7.45,7.0,7.0,8.0,5,11,0.621,0.5833,0.6632,0.0065,0.6415
Qcap+Qimg,7,31,8.58,9.0,8.0,9.0,5,13,0.6129,0.6429,0.7158,0.004,0.648
Qimg+BM25,3,31,5.16,5.0,4.5,6.0,4,6,0.8602,0.8333,0.5474,0.0605,0.1935
Qimg+BM25,4,31,6.58,7.0,6.0,7.0,4,8,0.8226,0.875,0.6316,0.0508,0.2525
Qimg+BM25,5,31,8.06,8.0,7.0,9.0,5,10,0.8065,0.8,0.6947,0.049,0.2819
Qimg+BM25,6,31,9.23,10.0,8.0,11.0,5,12,0.7688,0.8333,0.7263,0.0449,0.347
Qimg+BM25,7,31,10.1,11.0,8.0,12.0,5,13,0.7212,0.7857,0.7895,0.0575,0.4389
Qimg+CLIP,3,31,5.13,5.0,5.0,6.0,3,6,0.8548,0.8333,0.5579,0.0611,0.2065
Qimg+CLIP,4,31,6.55,7.0,6.0,7.0,4,8,0.8185,0.875,0.6737,0.0804,0.2704
Qimg+CLIP,5,31,7.9,8.0,7.0,9.0,5,10,0.7903,0.8,0.7474,0.0715,0.3015
Qimg+CLIP,6,31,9.13,9.0,8.0,10.5,5,12,0.7608,0.75,0.7789,0.0756,0.3609
Qimg+CLIP,7,31,9.94,10.0,8.5,12.0,5,14,0.7097,0.7143,0.8105,0.053,0.4613
Qimg+Dense,3,31,5.23,5.0,5.0,6.0,4,6,0.871,0.8333,0.5053,0.0517,0.171
Qimg+Dense,4,31,6.77,7.0,6.0,8.0,5,8,0.8468,0.875,0.5684,0.0248,0.2086
Qimg+Dense,5,31,8.1,9.0,7.0,9.0,5,10,0.8097,0.9,0.6421,0.0127,0.2837
Qimg+Dense,6,31,9.26,10.0,8.0,11.0,5,12,0.7715,0.8333,0.7053,0.0403,0.3544
Qimg+Dense,7,31,10.42,11.0,8.5,12.0,5,14,0.7442,0.7857,0.7895,0.0427,0.4044
Qimg+L,3,31,4.97,5.0,4.5,5.5,3,6,0.8279,0.8333,0.5895,0.0471,0.2419
Qimg+L,4,31,6.39,6.0,6.0,7.0,5,8,0.7984,0.75,0.6737,0.0404,0.2845
Qimg+L,5,31,7.52,8.0,6.0,8.0,5,10,0.7516,0.8,0.7263,0.0404,0.3913
Qimg+L,6,31,8.77,9.0,8.0,10.0,5,12,0.7312,0.75,0.7579,0.0296,0.4142
Qimg+L,7,31,9.77,10.0,8.5,11.0,5,14,0.6982,0.7143,0.8,0.0385,0.4802
Qwen3-VL-Rerank-Img,3,31,3.0,3.0,3.0,3.0,3,3,1.0,1.0,0.4211,0.0,1.0
Qwen3-VL-Rerank-Img,4,31,4.0,4.0,4.0,4.0,4,4,1.0,1.0,0.5053,0.0,1.0
Qwen3-VL-Rerank-Img,5,31,5.0,5.0,5.0,5.0,5,5,1.0,1.0,0.5789,0.0,1.0
Qwen3-VL-Rerank-Img,6,31,5.97,6.0,6.0,6.0,5,6,0.9946,1.0,0.6211,0.0,1.0
Qwen3-VL-Rerank-Img,7,31,6.9,7.0,7.0,7.0,5,7,0.9862,1.0,0.6842,0.0,1.0
Qwen3-VL-Rerank-ImgCap,3,31,3.0,3.0,3.0,3.0,3,3,1.0,1.0,0.3579,0.0,1.0
Qwen3-VL-Rerank-ImgCap,4,31,4.0,4.0,4.0,4.0,4,4,1.0,1.0,0.4632,0.0,1.0
Qwen3-VL-Rerank-ImgCap,5,31,5.0,5.0,5.0,5.0,5,5,1.0,1.0,0.5053,0.0,1.0
Qwen3-VL-Rerank-ImgCap,6,31,5.97,6.0,6.0,6.0,5,6,0.9946,1.0,0.5263,0.0,1.0
Qwen3-VL-Rerank-ImgCap,7,31,6.9,7.0,7.0,7.0,5,7,0.9862,1.0,0.5789,0.0,1.0
Qwen3-VL-Rerank-ImgCap+Link,3,31,3.0,3.0,3.0,3.0,3,3,1.0,1.0,0.4316,0.0,1.0
Qwen3-VL-Rerank-ImgCap+Link,4,31,4.0,4.0,4.0,4.0,4,4,1.0,1.0,0.5474,0.0,1.0
Qwen3-VL-Rerank-ImgCap+Link,5,31,5.0,5.0,5.0,5.0,5,5,1.0,1.0,0.6,0.0,1.0
Qwen3-VL-Rerank-ImgCap+Link,6,31,5.97,6.0,6.0,6.0,5,6,0.9946,1.0,0.6421,0.0,1.0
Qwen3-VL-Rerank-ImgCap+Link,7,31,6.9,7.0,7.0,7.0,5,7,0.9862,1.0,0.6947,0.0,1.0
Zero-shot-CLIP,3,31,3.0,3.0,3.0,3.0,3,3,1.0,1.0,0.2842,0.0,1.0
Zero-shot-CLIP,4,31,4.0,4.0,4.0,4.0,4,4,1.0,1.0,0.3579,0.0,1.0
Zero-shot-CLIP,5,31,5.0,5.0,5.0,5.0,5,5,1.0,1.0,0.4316,0.0,1.0
Zero-shot-CLIP,6,31,5.97,6.0,6.0,6.0,5,6,0.9946,1.0,0.4526,0.0,1.0
Zero-shot-CLIP,7,31,6.9,7.0,7.0,7.0,5,7,0.9862,1.0,0.5368,0.0,1.0
