paper_id,strategy,allfig_group,total_figure_count,figure_bin,allfig_score,best_prerecall_score,best_prerecall_group,best_prerecall_method,delta_allfig_minus_best,allfig_wins,allfig_ties,Proposed_score,delta_allfig_minus_Proposed,allfig_beats_Proposed,Layout_score,delta_allfig_minus_Layout,allfig_beats_Layout,QwenVL_score,delta_allfig_minus_QwenVL,allfig_beats_QwenVL
2018_G_D029.pdf-10d238b4-ee16-4891-9522-f7e895f2f545,end_to_end_vlm,AllFig-E2E,5,≤10,0.3272331535589353,0.4076143240340335,QwenVL-E2E-T6,QwenVL,-0.08038117047509824,False,False,0.3948052879181249,-0.06757213435918963,False,0.3047896541197236,0.0224434994392117,True,0.4076143240340335,-0.08038117047509824,False
2018_G_B334.pdf-9618d410-024a-4368-8c34-abb687df4146,end_to_end_vlm,AllFig-E2E,6,≤10,0.556519791668573,0.5886435934686587,Layout-E2E-T6,Layout,-0.03212380180008567,False,False,0.5714285714285714,-0.01490877975999838,False,0.5886435934686587,-0.03212380180008567,False,0.5397968331545343,0.01672295851403871,True
2017_G_D035.pdf-dd7e65e6-ee52-4f20-a6d6-e97d20729925,end_to_end_vlm,AllFig-E2E,7,≤10,0.5474343554119824,0.6539277673829326,Prop-E2E-T6,Proposed,-0.10649341197095019,False,False,0.6539277673829326,-0.10649341197095019,False,0.530316195287357,0.017118160124625414,True,0.3834437871526888,0.1639905682592936,True
2018_G_C008.pdf-3e10abb3-a9d0-4ecb-898d-01d2020ed451,end_to_end_vlm,AllFig-E2E,7,≤10,0.7490403146442235,0.7361671874114218,Layout-E2E-T6,Layout,0.012873127232801651,True,False,0.7056261844873619,0.043414130156861575,True,0.7361671874114218,0.012873127232801651,True,0.7107999320805742,0.038240382563649256,True
2018_G_B203.pdf-cd92e332-dd42-40fe-9530-03ab83e77d3a,end_to_end_vlm,AllFig-E2E,7,≤10,0.2599626639501004,0.2812364384551394,Layout-E2E-T6,Layout,-0.021273774505038978,False,False,0.2778771024604742,-0.017914438510373776,False,0.2812364384551394,-0.021273774505038978,False,0.2690688279384644,-0.009106163988364002,False
2017_G_D002.pdf-34552dc9-fe7d-49e0-90b4-279a27481fa2,end_to_end_vlm,AllFig-E2E,9,≤10,0.603420058963426,0.6496448292059659,Prop-E2E-T6,Proposed,-0.0462247702425399,False,False,0.6496448292059659,-0.0462247702425399,False,0.4727428987387929,0.1306771602246331,True,0.438535367105324,0.164884691858102,True
2017_G_B315.pdf-11a42682-c012-4452-b69e-37bc3de34fc6,end_to_end_vlm,AllFig-E2E,10,≤10,0.4588814522534124,0.5714285714285714,Layout-E2E-T6,Layout,-0.11254711917515897,False,False,0.4233754136487238,0.03550603860468865,True,0.5714285714285714,-0.11254711917515897,False,0.2856299012160498,0.17325155103736262,True
2017_G_B104.pdf-435f7107-40d7-45f1-8d90-183339b8efc2,end_to_end_vlm,AllFig-E2E,10,≤10,0.5714285714285714,0.5714285714285714,Prop-E2E-T6,Proposed,0.0,False,True,0.5714285714285714,0.0,False,0.5417274681700136,0.029701103258557793,True,0.5417825739075076,0.029645997521063783,True
2018_G_A440.pdf-065775f5-ff13-48f5-b12d-623da439971f,end_to_end_vlm,AllFig-E2E,10,≤10,0.424697853159054,0.4233722974269041,Prop-E2E-T6,Proposed,0.00132555573214993,True,False,0.4233722974269041,0.00132555573214993,True,0.3595772093739847,0.06512064378506932,True,0.3577518411083584,0.06694601205069561,True
2018_G_A229.pdf-b6d5ce70-0a39-4325-8406-1c887d9ce90c,end_to_end_vlm,AllFig-E2E,11,11–15,0.363477662827328,0.5714285714285714,QwenVL-E2E-T6,QwenVL,-0.20795090860124338,False,False,0.3937464945284856,-0.030268831701157572,False,0.3856457761282774,-0.022168113300949366,False,0.5714285714285714,-0.20795090860124338,False
2023_G_A175.pdf-8d4a4c05-3206-497f-bcd2-34719146185f,end_to_end_vlm,AllFig-E2E,11,11–15,0.2925083741560214,0.3475789518653585,Layout-E2E-T6,Layout,-0.0550705777093371,False,False,0.2406481438855179,0.05186023027050349,True,0.3475789518653585,-0.0550705777093371,False,0.2937973934733184,-0.0012890193172970243,False
2023_G_B311.pdf-4c40818a-19f0-4e8f-bea2-d2c28c9a7a93,end_to_end_vlm,AllFig-E2E,11,11–15,0.4755321673074948,0.4933653763389243,Layout-E2E-T6,Layout,-0.017833209031429487,False,False,0.3542775602006465,0.12125460710684832,True,0.4933653763389243,-0.017833209031429487,False,0.328172734234928,0.14735943307256683,True
2018_G_A466.pdf-f42c5f5a-ee2d-4f66-84b0-d3e32153a4e5,end_to_end_vlm,AllFig-E2E,12,11–15,0.5230703247188028,0.4205251396344908,QwenVL-E2E-T6,QwenVL,0.10254518508431198,True,False,0.4111862282671525,0.11188409645165026,True,0.3961827514075243,0.12688757331127848,True,0.4205251396344908,0.10254518508431198,True
2016_G_A433.pdf-ace5f580-0291-4b74-8e8a-3e24514c4563,end_to_end_vlm,AllFig-E2E,13,11–15,0.3657009786606355,0.5714285714285714,Prop-E2E-T6,Proposed,-0.2057275927679359,False,False,0.5714285714285714,-0.2057275927679359,False,0.3531430329581804,0.012557945702455109,True,0.5714285714285714,-0.2057275927679359,False
2016_G_A194.pdf-b86a85b1-ff13-48a6-90bc-0afc1ed6de24,end_to_end_vlm,AllFig-E2E,15,11–15,0.4881696260966395,0.5714285714285714,Prop-E2E-T6,Proposed,-0.0832589453319319,False,False,0.5714285714285714,-0.0832589453319319,False,0.358250110637449,0.1299195154591905,True,0.1204482170035665,0.367721409093073,True
2016_G_B022.pdf-45c1977b-4052-4367-8a33-85a423730b3d,end_to_end_vlm,AllFig-E2E,17,16–20,0.5714285714285714,0.4537482160334583,Layout-E2E-T6,Layout,0.11768035539511312,True,False,0.4110672867100628,0.16036128471850858,True,0.4537482160334583,0.11768035539511312,True,0.2772790948862229,0.2941494765423485,True
2017_G_B248.pdf-ceeb3cc2-f05c-4906-833a-5eb02870f643,end_to_end_vlm,AllFig-E2E,17,16–20,0.6647926699766499,0.6607338203340953,Prop-E2E-T6,Proposed,0.004058849642554541,True,False,0.6607338203340953,0.004058849642554541,True,0.6025641730754444,0.062228496901205466,True,0.5729199749078911,0.09187269506875873,True
2016_G_B044.pdf-bb7acb2d-63cf-48d6-acf7-16e9e75ec953,end_to_end_vlm,AllFig-E2E,17,16–20,0.2610156460092448,0.3209549796261121,Prop-E2E-T6,Proposed,-0.05993933361686726,False,False,0.3209549796261121,-0.05993933361686726,False,0.3141229970463549,-0.05310735103711006,False,0.2839387825910456,-0.022923136581800785,False
2017_G_A156.pdf-526d4bc0-c508-47e0-9181-6bcff011181f,end_to_end_vlm,AllFig-E2E,18,16–20,0.3686505926043448,0.336715260447563,Prop-E2E-T6,Proposed,0.03193533215678179,True,False,0.336715260447563,0.03193533215678179,True,0.2093462714596858,0.159304321144659,True,0.1877176876690295,0.1809329049353153,True
2023_G_C050.pdf-2049a35a-b3ce-49bb-a0db-827272b74086,end_to_end_vlm,AllFig-E2E,19,16–20,0.598311668018472,0.5763894230369567,Layout-E2E-T6,Layout,0.021922244981515293,True,False,0.5426021615888316,0.055709506429640454,True,0.5763894230369567,0.021922244981515293,True,0.5340469907923873,0.06426467722608475,True
2016_G_B067.pdf-f6c8e02c-ac22-49cb-a2f4-6f0cb4726072,end_to_end_vlm,AllFig-E2E,19,16–20,0.365103405993025,0.4265818938914488,Prop-E2E-T6,Proposed,-0.061478487898423806,False,False,0.4265818938914488,-0.061478487898423806,False,0.3463212060721353,0.018782199920889697,True,0.1738676113999767,0.1912357945930483,True
2016_G_B294.pdf-efa735c1-180d-4ef2-b2e3-71ef259ee165,end_to_end_vlm,AllFig-E2E,19,16–20,0.4978936138483049,0.4298591793219238,Layout-E2E-T6,Layout,0.06803443452638108,True,False,0.3584454441511658,0.13944816969713908,True,0.4298591793219238,0.06803443452638108,True,0.4268645102730172,0.07102910357528769,True
2023_G_A127.pdf-c7af97bb-63f5-4e7a-ae28-7f7b3d4f016c,end_to_end_vlm,AllFig-E2E,22,21–30,0.5286529423134129,0.3631077383096421,Prop-E2E-T6,Proposed,0.16554520400377076,True,False,0.3631077383096421,0.16554520400377076,True,0.1748208917333416,0.3538320505800713,True,0.2620359114871553,0.26661703082625754,True
2016_G_A028.pdf-6e4c52f4-be1a-43fe-9a4f-f2f6fb479a0c,end_to_end_vlm,AllFig-E2E,24,21–30,0.3830300296656251,0.5714285714285714,Layout-E2E-T6,Layout,-0.1883985417629463,False,False,0.2706596423366528,0.11237038732897231,True,0.5714285714285714,-0.1883985417629463,False,0.3492340208501132,0.033796008815511924,True
2017_G_B154.pdf-6b295a37-7f1d-4087-aa6b-498ebc227dfe,end_to_end_vlm,AllFig-E2E,24,21–30,0.3429760223762277,0.2702701799047968,Layout-E2E-T6,Layout,0.07270584247143091,True,False,0.2468366586747869,0.0961393637014408,True,0.2702701799047968,0.07270584247143091,True,0.1984709148053769,0.1445051075708508,True
2023_G_C228.pdf-b2387ac6-a2c5-4f0e-a228-e82e75c63418,end_to_end_vlm,AllFig-E2E,26,21–30,0.5912148170128521,0.554813534073135,QwenVL-E2E-T6,QwenVL,0.036401282939717006,True,False,0.2959626078605652,0.29525220915228684,True,0.2938147630010332,0.29740005401181885,True,0.554813534073135,0.036401282939717006,True
2023_G_B226.pdf-138a457c-a3d1-4dec-a2b6-3b5dc1265cc7,end_to_end_vlm,AllFig-E2E,27,21–30,0.5714285714285714,0.4707655390445873,QwenVL-E2E-T6,QwenVL,0.10066303238398411,True,False,0.3937789816227709,0.17764958980580048,True,0.4616625888567237,0.10976598257184772,True,0.4707655390445873,0.10066303238398411,True
2023_G_E032.pdf-a2ac9d24-a978-4750-bdfc-d48988ea3d38,end_to_end_vlm,AllFig-E2E,32,31+,0.1950491211898331,0.2314589545273549,Layout-E2E-T6,Layout,-0.03640983333752179,False,False,0.2238463001282332,-0.028797178938400086,False,0.2314589545273549,-0.03640983333752179,False,0.2235741198721014,-0.028524998682268293,False
2023_G_A092.pdf-5db87c85-f001-44bb-9cd1-933c32b9efdf,end_to_end_vlm,AllFig-E2E,35,31+,0.46312671198816,0.7193103041264922,Prop-E2E-T6,Proposed,-0.2561835921383322,False,False,0.7193103041264922,-0.2561835921383322,False,0.4263742099152982,0.03675250207286185,True,0.3718733745618833,0.09125333742627673,True
2023_G_E176.pdf-6a7252f2-fcac-48bd-9de1-2adf091599c5,end_to_end_vlm,AllFig-E2E,42,31+,0.4383916334778896,0.3755714439768317,Layout-E2E-T6,Layout,0.06282018950105794,True,False,0.2524208253387486,0.18597080813914102,True,0.3755714439768317,0.06282018950105794,True,0.3597455418701765,0.07864609160771313,True
2017_G_B447.pdf-bba1d9f9-3235-4893-aeb8-689cd6ed9376,end_to_end_vlm,AllFig-E2E,44,31+,0.6885809135945621,0.6181031396461673,QwenVL-E2E-T6,QwenVL,0.07047777394839483,True,False,0.5951300822597861,0.09345083133477594,True,0.5598120545937454,0.1287688590008167,True,0.6181031396461673,0.07047777394839483,True
